entity_id;sku;Status
793;A6051-Blanc;1
796;A6051-Noir;1
801;A6052-Blanc;1
803;A6052-Marron;1
804;A6052-Noir;1
809;A6053-Blanc;1
812;A6053-Noir;1
813;A6053-Rouge;1
817;A605V1-Noir;1
818;A605V1-Rouge;1
819;A605V2-Argent;1
821;A605V2-Noir;1
822;A605V2-Rouge;1
823;A605V3-Argent;1
825;A605V3-Noir;1
826;A605V3-Rouge;1
923;AT10013-Chrome;1
1004;B2219S-Blanc laqué;1
1052;B2219S-Bois wenge;1
1131;HB140-Blanc;1
1133;HB140-Noir;1
1140;HB160-Blanc;1
1142;HB160-Noir;1
1143;HB160-Taupe;1
1148;HB180-Beige;1
1149;HB180-Blanc;1
1150;HB180-Marron;1
1151;HB180-Noir;1
1152;HB180-Taupe;1
1247;XC8242-Blanc;1
1248;XC8242-Gris;1
1249;XC8242-Marron;1
1250;XC8242-Noir;1
1316;B2219S-Chêne Clair;1
1361;LUS006-Transparent;1
1362;LUS007-Transparent;1
1372;LUP003-Bleu;1
1420;A605V1-Taupe;1
1421;A605V2-Taupe;1
1422;A605V3-Taupe;1
1513;HB090-Blanc;1
1514;HB090-Noir;1
1516;HB090-Argent;1
1615;b2219staupelaque;1
1619;b2219xlblanc;1
1655;b2219snoircarbone;1
1693;sc2204lot2argent;1
1700;p803rougenoir;1
1705;p803blanc;1
1740;b2219svintage;1
1972;b2219staupe4gordonmarron;1
2067;7249lot2blanc;1
2083;a6051vintage;1
2084;a6052vintage;1
2085;a6053vintage;1
2306;sc2204lot4argent;1
2365;hb140gris;1
2366;hb160gris;1
2367;hb180gris;1
2409;lf155h140vtaupe;1
2413;lf155h160vargent;1
2414;lf155h160vtaupe;1
2417;lf155h180vargent;1
2418;lf155h180vtaupe;1
2434;lf155hvb121140beige;1
2435;lf155hvb121140taupe;1
2437;lf155hvb121160beige;1
2438;lf155hvb121160taupe;1
2439;lf155hvb121160gris;1
2440;lf155hvb121180beige;1
2442;lf155hvb121180gris;1
2466;lf159hvb121140beige;1
2467;lf159hvb121140taupe;1
2468;lf159hvb121140gris;1
2469;lf159hvb121160beige;1
2470;lf159hvb121160taupe;1
2471;lf159hvb121160gris;1
2472;lf159hvb121180beige;1
2474;lf159hvb121180gris;1
2586;2450132beige;1
2592;24501blackvnoir;1
2594;24501punoir;1
2595;24501publanc;1
2630;p803gris;1
2641;p804noir;1
2643;p804blanc;1
2644;p804taupe;1
2645;p804beige;1
2849;p804ashwood;1
2905;8055ebleu;1
2908;8311anoir;1
2999;at8027moroccogris;1
3018;4630lot2chenenoir;1
3020;4630lot2noisnoir;1
3021;4630lot2noisblanc;1
3028;1025lot2noisnoir;1
3031;1025lot2chenenoir;1
3034;l2081grisfonce;1
3073;lf3045sgblanc;1
3076;lf3045sdnoir;1
3252;dc5081beige;1
3322;24501ksf25002;1
3323;24501ksf25008;1
3324;24501ksf25013;1
3327;24501ksp25030;1
3415;dc5081bleu;1
3421;at8422cheneclair;1
3441;lsr16051grisclair;1
3510;at8428vintage;1
3520;24501f011;1
3587;dc5106yellow;1
3591;lf155h160vbeige;1
3653;hm1653multicolor;1
3679;2450132lot20beige;1
3683;24501lot20blackvnoir;1
3687;24501lot20punoir;1
3688;24501lot20publanc;1
3690;24501ksf25002lot20;1
3691;24501ksf25008lot20;1
3692;24501ksf25013lot20;1
3694;24501ksp25030lot20;1
3707;dc5106darkgrey;1
3708;dc5106beige;1
3797;2xgf225anatcreme;1
3804;2xgf160anoisblanc;1
3805;2xgf160anoisnoir;1
3807;2xgf347anatcreme;1
3809;2xgf347anoisnoir;1
3825;qh8805beige;1
3831;qh8801beige;1
3834;qh8801black;1
3836;qh8801blue;1
3844;qh8861darkgrey;1
3846;qh8861beige;1
3876;2601pinkvelevert;1
3886;2601ksf25002wb;1
3887;2601ksp25002;1
3939;angsoft17sawana21;1
3942;andsoft66sawana25;1
3943;andsoft17sawana21;1
3970;ld041red;1
3988;jh846lightgrey13;1
3989;jh846beige05;1
3991;jh846darkgrey16;1
4055;12181k1128noir;1
4113;c867bleufonce;1
4136;1531040;1
4137;2781004;1
4139;2781002;1
4142;qh8901lightgrey68018;1
4143;qh8901yellow16806;1
4144;qh8901blue168024;1
4168;qh8805v2rouge;1
4169;qh8805v2vert;1
4171;qh8805v3bleu;1
4172;qh8805v3vert;1
4177;qh8805v1vert;1
4178;qh8805v1bleu;1
4179;8861v1rose;1
4180;8861v1bleu;1
4184;8801vbleu;1
4330;lf0136hlr68;1
4355;hm16521beige1;1
4366;qh8927grey18;1
4368;qh8927yellow6;1
4407;ect023tgsksmoke;1
4409;ect028tgsksmoke;1
4423;8861v1hlr56green;1
4424;8801darkgrey;1
4426;8801yellow;1
4428;qh8901beige;1
4429;qh8901black;1
4437;8901vhlr56green;1
4438;8901vhlr64blue;1
4442;b2219smarble;1
4496;lf33481vintage;1
4502;lf33483vintage;1
4519;dc1513noir;1
4565;lf3332lightgrey06;1
4566;lf3332beige07;1
4568;lf3332bluegreen28;1
4580;wh1750velvetred;1
4604;lf257140vtaupe;1
4605;lf257140vargent;1
4607;lf257160vbleu;1
4641;lf0148gris;1
4662;t1028oakcheneclair;1
4665;lf258140vbleu;1
4667;lf258140vargent;1
4672;c930darkgreypu;1
4717;lf258160vtaupe;1
4722;lf258180vtaupe;1
4723;lf258180vargent;1
4815;lf258140vrose;1
4816;lf258160vrose;1
4817;lf258180vrose;1
4904;lf3116beige;1
4914;qh89041yellow;1
4915;qh89041beige;1
4916;qh89041lightgrey;1
4919;qh89042beige;1
4920;qh89042lightgrey;1
4922;qh89043lightgrey;1
4929;lf33482vintage;1
4941;jy18a129greyv;1
5008;wx2866t2;1
5036;34932;1
5040;34770;1
5041;34935;1
5141;lf233tissudarkgrey;1
5144;lf233whitepu;1
5165;g3569140white;1
5174;g2236140white;1
5176;g2236160brown;1
5177;g2236160white;1
5179;g2236180brown;1
5180;g2236180white;1
5184;lf3116lot2beige;1
5210;g3569180white;1
5217;dc5106publack;1
5221;4630lot2blackoaknoir;1
5233;qh8925greyblack;1
5236;msxbt1816pugrey;1
5263;angsoft11;1
5264;andsoft11;1
5265;angsoft11sawana05;1
5266;andsoft11sawana05;1
5279;lf3045sggreyfabric;1
5280;lf3045sgputtyvelvet;1
5282;lf3045sgpinkvelvet;1
5284;lf3045sggreenvelvet;1
5286;lf3045sdgreyfabric;1
5288;lf3045sdputtyvelvet;1
5299;sc2204lot2punoir;1
5301;sc2204lot2pugris;1
5302;vetsawana05soft11;1
5395;jh930velvetgrey;1
5396;jh930velvetblue;1
5397;jh930velvetgreen;1
5398;jh930velvetred;1
5399;jh930velvetpink;1
5402;jh669velvetblack;1
5403;jh669fabricbeige;1
5404;jh669fabricdarkgrey;1
5437;f804cblackgrey;1
5438;p804coak;1
5439;f804blackgrey;1
5440;at8244lwhite;1
5441;at8244lsonoma;1
5444;p804cwhite;1
5479;ks3161white;1
5481;ks3161black;1
5482;ks3161lightoak;1
5483;ks3161vintage;1
5494;dc1801black;1
5498;8311agrey;1
5500;8801greyvelvet;1
5501;8901blackvelvet;1
5503;f808darkoakgrey;1
5504;hm1652patchwork;1
5505;jh846velvetblue;1
5506;jh846velvetgreen;1
5507;jh846velvetpink;1
5536;jh939velvetblue;1
5538;jh939velvetpink;1
5539;jh939velvetblack;1
5549;dc5319blackvelvet;1
5588;35117nickel;1
5602;lsr19119velvetsilver;1
5604;lsr19119velvetblack;1
5614;qh8985greyblackegs;1
5620;xc8242greyfabric;1
5621;xc8242beigefabric;1
5638;a605v1bleuvelvet;1
5641;dc1573lot2black;1
5645;dc1573lot2beige;1
5646;a605v1greenvelvet;1
5650;a605v2bleuvelvet;1
5651;a605v2greenvelvet;1
5652;a605v3bleuvelvet;1
5653;a605v3greenvelvet;1
5672;g38041brown;1
5691;qh8801patchwork;1
5694;lf3332bluevelvet47;1
5695;lf3332greenvelvet37;1
5697;lf3332blackvelvet47;1
5713;hm1814lf3456lightgreyfabric;1
5714;hm1814lf3456beigefabric;1
5733;c1022grey;1
5735;c1023blue49;1
5738;msl012;1
5739;msl011;1
5740;msl010;1
5742;msl014;1
5745;lsr16051velvetblack;1
5757;msl013;1
5778;qh8901patchwork;1
5788;SQCT40BLACK;1
5791;ROCTST45BLACK;1
5794;ROCTST90BLACK;1
5796;ROCT45BLACK;1
5798;RGCT120BLACK;1
5848;at8244bsonoma;1
5850;at8244bblack;1
5855;msl016;1
5865;lsr19127pinkvelvet;1
5866;lsr19127puttyvelvet;1
5869;dc5106lot2darkgreyfabric;1
5871;dc5106lot2yellowfabric;1
5872;dc5106lot2beigefabric;1
5873;dc5106lot2blackpu;1
5900;g38042;1
5910;ks3161concrete;1
5932;lf270140fabricbeige;1
5934;lf270140vblue;1
5938;lf270160vblue;1
5945;ROCT45SILVER;1
5946;ROCT45WHITE;1
5969;ROCT90SILVER;1
5970;ROCT90WHITE;1
6030;ROCTST45GOLD;1
6031;ROCTST45WHITE;1
6050;ROCTST90WHITE;1
6100;SQCT40RED;1
6101;SQCT40WHITE;1
6124;RGCT120RED;1
6125;RGCT120WHITE;1
6254;lf270180vblue;1
6261;p804cblack;1
6265;lsr19118pinkvelvet;1
6274;lsr19119mintvelvet;1
6275;lsr19119beigevelvet;1
6284;lsr19123pinkvelvet;1
6286;lsr19123mintvelvet;1
6287;lsr19123beigefabric;1
6288;lsr19123darkgreyfabric;1
6304;lf270160fabricbeige;1
6315;gc1606blue;1
6370;89271yellowfabric;1
6373;89271lightgreyfabric;1
6375;89271beigefabric;1
6377;89271greenvelvet;1
6381;89271bluevelvet;1
6383;89271blackvelvet;1
6386;89271greyvelvet;1
6420;p804greyash;1
6425;shy05;1
6427;lf33821velvetblue;1
6430;lf33822velvetblue;1
6433;lf33823velvetblue;1
6434;lf33823velvetsilver;1
6447;shy09blue;1
6458;lf3332lightgreyvelvet;1
6463;lsr19128silvervelvet;1
6465;lsr19128greenvelvet;1
6467;lsr19128beigefabric;1
6468;lsr19128darkgreyfabric;1
6474;lsr19143silvervelvet;1
6477;c1024velvetsilver;1
6493;12183yk81618bluestripvelvet;1
6549;89271pinkvelvet;1
6660;1210rightdarkgrey;1
6709;dt1523golden;1
6710;dt2002golden;1
6711;stt012cs14silver;1
6715;bbs7silver;1
6719;qh8857kvelvethlr64blue;1
6733;jyb308180kr2lightbeige;1
6735;jyb308180hcj41silver;1
6736;jyb308160kr3lightgrey;1
6737;jyb308160kr2lightbeige;1
6739;jyb308160hcj41silver;1
6741;jyb308140kr2lightbeige;1
6743;jyb308140hjc41silver;1
8005;1025lot2naturelwhite;1
8017;1115silvervelvetsilver;1
8019;1115silverpuwhite;1
8026;lsr191402pinkvelvet;1
8027;lsr191402puttyvelvet;1
8028;lsr191402greenvelvet;1
8050;at8267gxwhite;1
8051;at8267gxblack;1
8052;at8267gxboissonoma;1
8053;at8267gxmarble;1
8093;dc7010pinkvelvet;1
8094;dc7010greenvelvet;1
8095;dc7010silvervelvet;1
8105;lf33821velvetputty;1
8106;lf33821velvetblack;1
8108;lf33822velvetblack;1
8109;lf33823velvetputty;1
8110;lf33823velvetblack;1
8158;lsr19127bluevelvet;1
8172;lsr151140puttyvelvet16;1
8176;lsr151160puttyvelvet16;1
8178;lsr151160silvervelvet61;1
8184;lsr151180silvervelvet61;1
8185;lsr151180pinkvelvet35;1
8186;lsr151180puttyvelvet16;1
8187;lsr151180greenvelvet26;1
8199;lsr43140bluevelvet78;1
8200;lsr43140puttyvelvet16;1
8201;lsr43140pinkvelvet35;1
8203;lsr43160bluevelvet78;1
8204;lsr43160puttyvelvet16;1
8205;lsr43160pinkvelvet35;1
8207;lsr43180bluevelvet78;1
8208;lsr43180puttyvelvet16;1
8210;lsr43180pinkvelvet35;1
8220;jyb308140hcj11putty;1
8221;jyb308160hcj11putty;1
8222;jyb308180hcj11putty;1
8225;at8251lblack;1
8226;at8251lwhite;1
8227;at8251lsonoma;1
8230;sc2204lot2goldgreen;1
8232;sc2204lot4goldgreen;1
8304;lsr20071whitevelvet1;1
8306;lsr20071bluevelvet78;1
8308;lsr20071blackpu;1
8309;lsr20071beigepu47;1
8313;lsr20072silvervelvet61;1
8315;lsr20072blackpu;1
8325;jh846velvetputty;1
8327;jh930velvetputty;1
8328;jh939velvetputty;1
8339;dc7010puttyvelvet;1
8340;lf233puttyvelvet;1
8344;ct2002golden;1
8345;dt1523marble;1
8365;lsr191403silvervelvet;1
8366;lsr191403greenvelvet;1
8368;lsr16051velvetputty;1
8457;lsr20122bluefabric;1
8463;lsr20103blackvelvet;1
8464;lsr20103puttyvelvet;1
8467;lsr20103beigevelvet;1
8472;at8270lblack;1
8473;at8270lwalnut;1
8474;at8270lsonoma;1
8480;maroc2tiroirsnoircarbon;1
8785;bdl2cuivre;1
8811;8290brassplating;1
8814;82903bbrassplating;1
8848;8557bbronzeplating;1
8929;89271Patchwork;1
8941;lsr19127whitevelvet;1
8943;a320greywhite;1
8944;lf33823velvetpink;1
8946;lf33821velvetpink;1
8948;a320puttywhite;1
8973;p808whitegold;1
9004;sc2204lot2goldputtyvrai;1
9020;lsr20181khakivelvet24;1
9028;dc5600pinkvelvet;1
9029;dc5600bluevelvet;1
9030;dc5600greyvelvet;1
9042;at8270lwhite;1
9050;38968gold;1
9078;p806cgoldwhitemarble;1
9079;p806cgoldblackmarble;1
9170;38857gold;1
9211;38850ccopper;1
9223;at8244bmarble;1
9224;lsr191402whitevelvet;1
9520;YNE062Cbeigevelvetgold;1
9521;YNE062Cpinkvelvetgold;1
9809;at8251lwalnut;1
9965;ov2002golden;1
10565;39468copper;1
11599;2TENNIGHT;1
11603;vk7021putty;1
11604;vk7021black;1
11606;vk20192putty;1
11618;2TENDRESS;1
11620;2TENCHEST;1
12159;vk20072putty;1
12160;vk20072beige;1
14740;892840bk;1
14758;vk20074white;1
14864;lf3487darkgreyfabric;1
14867;lf3487bluevelvet;1
14868;lf3487greenvelvet;1
14871;lf3487pinkvelvet;1
15651;asr780sgn1829;1
17808;asr417grv0159;1
19696;asr942flg2132;1
19902;asr417grv0166;1
22183;asr892opv1333;1
22199;asr584ttm1724;1
22229;asr521shn2201;1
22747;asr584ttm1107;1
22866;asr892opv1126;1
22933;asr892opv1508;1
23034;asr892opv1239;1
23317;140fbd12beige;1
23326;140vb02beige;1
23328;160vb02silver;1
23329;160vb02beige;1
23331;180vb02silver;1
23332;180vb02beige;1
23519;140vb16putty;1
23520;140vb16grey;1
23550;asr869vel5174;1
23625;160vb16putty;1
23627;160vb16grey;1
23651;180vb16putty;1
23653;180vb16grey;1
23770;39336silver;1
23783;39354gold;1
23785;39354silver;1
23786;39362goldglass;1
23885;39359gold;1
23901;39359silver;1
24787;at8523lsonomablack;1
24790;at8523lsonoma;1
24898;39356black;1
25089;buromarocboisor;1
25144;asr788dec4017;1
25186;39365silver;1
25807;at8267gxwalnut;1
25951;lf3488lightgreyfabric;1
25952;lf3488blackvelvet;1
26000;39398nickel;1
26007;39397nickel;1
26895;hctvblack;1
26896;hctvwhite;1
27558;asr854kln3034;1
27810;at8525gmarble;1
27815;at8244bwhite;1
28239;asr859ftn1704;1
28384;asr687hmy1255;1
28794;asr845hct4213;1
28803;me005putty;1
28861;me006putty;1
28981;ji189hgoldpink;1
29058;asr560are1709;1
29317;me206beigewood;1
29333;lf3489silvervelvet;1
29337;dt2060silver;1
29338;dt2060golden;1
29339;dt2060black;1
30331;26289white;1
31866;asr825blc1506;1
32347;asr867unq1047;1
32518;dc5616bluevelvet;1
32526;dc5617bluevelvet;1
32532;asr560are1412;1
34185;24501rattan002;1
34277;asr867unq1065;1
34337;me505;1
35891;asr521shn3231;1
35970;asr859ftn1265;1
36264;at8244bnoyer;1
36785;asr869vel8104;1
36794;asr974nmb1207;1
37148;dc5606blackvelvet;1
37569;asr505crl1703;1
37570;asr569hln1516;1
37618;asr550arn2201;1
38514;qh8901teddyfabric;1
38515;qh8801teddyfabric;1
38516;qh8805teddyfabric;1
38526;asr867unq1910;1
38605;asr306wlg1326;1
41127;3LUNDRA;1
41274;asr322rtc1318;1
41484;1335beigefabric;1
41716;dc5611silvervelvet;1
41719;dc5611blackfabric;1
42930;1IRIHAN;1
43081;asr526shd1166;1
43142;asr942flg1851;1
43403;12151sgreen;1
43405;12152sgreen;1
43407;12153sgreen;1
43645;3lundradark;1
43656;3lundrawhite;1
43933;asr119frs1145;1
44030;asr119frs1160;1
45397;lsr22175whiteteddyfabric;1
45398;lsr22175blackteddyfrabic;1
45417;lsr22176whiteteddyfabric;1
45418;lsr22176blackteddyfrabic;1
45634;asr863sph3906;1
46162;asr974nmb1221;1
46539;qh83641blackpu;1
46541;qh83642puttyvelvet;1
46542;qh83641whitepu;1
46545;qh83642blackpu;1
46547;qh83643puttyvelvet;1
46549;qh83643greenvelvet;1
46765;lsr210471beigefur;1
46839;asr106dnv1403;1
46897;8901fktgreyvelvet;1
46900;8901fktbeigefabric;1
46904;8901fktbluevelvet;1
46907;8901fktblackvelvet;1
46908;8901fktcreamteddy;1
47100;qh89042p488patchwork;1
47119;8382creamteddy;1
47170;8901pkp11patchwork;1
47206;qh6669whiteteddyfabric;1
47270;qh83621puttyvelvet;1
47271;qh83621bluevelvet;1
47274;qh83621creamteddyfabric;1
47275;qh83622puttyvelvet;1
47276;qh83622bluevelvet;1
47277;qh83622blackteddyfabric;1
47278;qh83622creamteddyfabric;1
47494;asr845hct5404;1
47584;1279creamteddy;1
47586;1350bluevelvet;1
47588;dt1290whitemarble;1
47589;dt1290blackmarble;1
47590;dt1290gold-whitemarble;1
47591;dt1291whitemarble;1
47593;dt1291gold-whitemarble;1
47594;1350puttyvelvet;1
47595;1350greenvelvet;1
47596;1350blackvelvet;1
47604;1279brownteddy;1
47647;qh6670whiteteddy;1
47689;1025lot4naturelwhite;1
47692;1025lot4chenenoir;1
47694;1025lot4noisnoir;1
47695;42409;1
47696;42423;1
47713;dc5106lot6beigefabric;1
47714;dc5106lot6yellowfabric;1
47715;dc5106lot6darkgreyfabric;1
47719;dc5106lot6blackpu;1
47723;qh89042p240patchwork;1
47794;asr560are1107;1
47889;qh8381greyteddyfabric;1
48165;13541vintgrey;1
48176;83822pcreamteddy;1
48183;1338puttyvelvet;1
48192;lsr19127teddy;1
48193;lsr191402teddy;1
48194;dc5106lot2teddyfabric;1
48199;at8534lblacksonoma;1
48200;at8534lwalnut;1
48204;dc7015puttyvelvet;1
48205;dc5106teddy;1
48462;4630lot4blackoaknoir;1
48464;4630lot4noisblanc;1
48465;4630lot4noisnoir;1
48466;4630lot4chenenoir;1
48467;4630lot6blackoaknoir;1
48469;4630lot6noisblanc;1
48470;4630lot6noisnoir;1
48471;4630lot6chenenoir;1
48472;4630lot8blackoaknoir;1
48474;4630lot8noisblanc;1
48475;4630lot8noisnoir;1
48476;4630lot8chenenoir;1
48552;vk20072lot8beige;1
48553;vk20072lot8putty;1
48904;jyb308140teddy;1
48913;asr560are2134;1
48919;jyb308160teddy;1
48920;jyb308180teddy;1
49088;c1564white;1
49230;c1024lot2velvetsilver;1
49234;c1024lot3velvetsilver;1
49240;c1024lot4velvetsilver;1
49286;1025lot6noisnoir;1
49289;1025lot6chenenoir;1
49292;1025lot6naturelwhite;1
49369;sc2204lot4goldputtyvrai;1
49385;sc2204lot6goldputtyvrai;1
49387;sc2204lot6goldgreen;1
49392;sc2204lot6argent;1
49522;lf155h160teddyfabric;1
49524;lf155h180teddyfabric;1
49553;asr552nos1478;1
49581;dc7010lot8puttyvelvet;1
49582;dc7010lot8silvervelvet;1
49583;dc7010lot8greenvelvet;1
49584;dc7010lot8pinkvelvet;1
49701;dc7015lot8puttyvelvet;1
49942;asr322rtc2218;1
49950;qh89041creamteddy;1
49951;89271creamteddy;1
50008;qh88052creamteddy;1
50010;qh8861creamteddy;1
50034;hm1814teddyfabric;1
50286;tvset130wh;1
50287;ct100wh;1
50289;tvset100wh;1
50290;tvset100wd;1
50546;lf3347gputtyvelvet;1
50547;lf3347dputtyvelvet;1
50944;1311beige;1
50995;XC8242creamteddyfabric;1
51016;25AF002white;1
51017;28AF003white;1
51054;lf3045sgvcreamteddyfabric;1
51116;monbolytowashor;1
51117;monbolytocuivre;1
51118;monbolytobronze;1
51134;VKBY70047creamteddy;1
51211;lsr22176gristeddyfabric;1
51212;lsr22176brownteddyfabric;1
51246;lsr22175gristeddyfabric;1
51247;lsr22175brownteddyfabric;1
51272;asr506mnr1649;1
51334;asr560are2261;1
51368;sc2204lot8goldputtyvrai;1
51370;sc2204lot8goldgreen;1
51375;sc2204lot8argent;1
51411;vk20072creamteddy;1
51412;vk20072Bcreamteddy;1
51414;vk20072Bputtyvelvet;1
51415;vk20072Bblackvelvet;1
51416;vk20072lot8creamteddy;1
51417;vk20072lot8bcreamteddy;1
51419;vk20072lot8bputtyvelvet;1
51420;vk20072lot8bblackvelvet;1
51486;c1585grey;1
51487;c1585beige;1
51490;XPB7016A2creamteddyfabric;1
51491;XPB7016A2greyvelvet;1
51492;XPB7016A2beigevelvet;1
51618;c1585lot8grey;1
51619;c1585lot8beige;1
51836;s0268oakcreamteddyfab;1
51837;s0268oakblackfabric;1
51838;s0268oakgreyfabric;1
51895;gdt419black;1
51896;gdt419white;1
51900;gdc650greyvelvet;1
51903;gbc016greylvelvet;1
51905;gbc017puttyvelvet;1
51906;gbc017blackvelvet;1
51931;bc1013swhitepu;1
51932;bc1013sblackvelvet;1
51933;bc1013gcreamteddyfabric;1
51935;bc1013gbeigevelvet;1
51936;bc1013bcreamteddyfabric;1
51937;bc1013bsilvervelvet;1
51938;bc1013bblackvelvet;1
51940;gdt422white;1
51954;adt11sonoma;1
51992;ad23dt02allblack;1
51994;ad23dt02sonoma;1
52015;df1501sbeige;1
52017;df1503staupe;1
52063;vkdt30173pandora;1
52227;asr974nmb1742;1
52234;asr974nmb1771;1
52243;asr974nmb1772;1
52255;ta231045matwhite;1
52256;ta231045oak;1
52257;ta231045walnut;1
52260;gdc672teddywhite;1
52262;gdc663teddywhite;1
52274;t502058whitemarble;1
52385;dc5319creamteddy;1
52387;gdc663lot4teddywhite;1
52394;asr240chr1343;1
52429;gdc663lot6teddywhite;1
52431;gdc663lot8teddywhite;1
52475;140vb16whiteteddy;1
52476;160vb16whiteteddyfabric;1
52477;180vb16whiteteddyfabric;1
52486;yf230043;1
52497;yf230001;1
52506;s0264creamteddyfabric;1
52692;1070lot2bnoisbeigeteddy;1
52694;1070lot2bnoisnoir;1
53323;asr941rtn1449;1
53498;lf3674taupefabric;1
53499;lf3674lightgreyfabric;1
53500;lf3674beigeteddyfabric;1
53506;lf3677darkgreyfabric;1
53507;lf3677beigeteddyfabric;1
53593;ahf240243white;1
53594;ahf240106white;1
53595;ahf240101white;1
53596;ahf240233oak;1
53597;ahf240237black;1
53840;ahf240088white;1
53841;ahf240086white;1
53842;adt11walnut;1
53843;140n241beigefabric;1
53844;140n241darkgrey;1
53845;140n241creamteddy;1
53848;160n241creamteddy;1
53849;180n241beigefabric;1
53850;180n241darkgrey;1
53851;180n241creamteddy;1
54176;cy20511blackvelvet;1
54178;cy20511puttyvelvet;1
54180;90EF245blue;1
54181;90EF245beige;1
54182;140L244puttyvelvet;1
54183;160L244puttyvelvet;1
54184;180L244puttyvelvet;1
54193;yf230349;1
54194;yf230347;1
54195;yf230345;1
54196;yf230344;1
54197;yf230132;1
54200;lsr20122blackvelvet;1
56757;160n222creamteddy;1
56758;140n222creamteddy;1
56759;180n222creamteddy;1
56760;90EF322whitepu;1
56765;202024marble;1
56767;202024oak;1
48970;qh83852kcreamteddy;1
56768;13553beigevelvet;1
56769;13552brownvelvet;1
56770;13553brownvelvet;1
56771;13552greyvelet;1
56772;13553greyvelet;1
56773;13552beigevelvet;1
56776;lsr20071lot2beigepu47;1
56777;1535blackcordu;1
56778;1535khakicordu;1
56779;1535greyfabric;1
56780;1535beigefabric;1
57012;qh8152beigevelvet;1
57013;qh8152greyvelvet;1
57017;qh8399xlbeigeteddy;1
57018;qh8399beigeteddy;1
57019;1352lightgreycordu;1
57021;qh8399darkgreyteddy;1
57022;1352beigecordu;1
57023;1352puttyvelvet;1
57024;1352kakicordu;1
57025;qh81032blackvelvet;1
57026;qh81032puttyvelvet;1
57027;btzdzl003;1
57029;qh6675beigevelvet;1
57030;yf205552white;1
57031;qh83133darkgreyvelvet;1
57032;qh83133beigevelvet;1
57033;qh8313darkgreyvelvet;1
57035;qh83132darkgreyvelvet;1
57036;qh83132beigevelvet;1
57038;qh8371blackvelvet;1
57039;qh8368beige;1
57041;qh6676slightgreyvelvet;1
57042;qh6676sputtyvelvet;1
57045;13113sbeigefabric;1
57046;1311khaki;1
57047;13112skhakifabric;1
57048;13112sgreyfabric;1
57052;ta24150oak;1
57053;ta24150walnut;1
57054;qh8203beigeteddy;1
57055;dt2265white;1
57056;dt1016white;1
57057;ckcy20537gbeigevelvet;1
57058;ckcy20537gbeigefabric;1
57059;1556blackfabric;1
57061;1556beigefabric;1
57062;1556greyfabric;1
57066;vkct50821cheneclair;1
57067;vkcy20548creamteddy;1
57068;vkdt30245beige;1
57069;vkct50847beige;1
57070;vkct50846beige;1
57071;vkcy20548lot4creamteddy;1
57072;vkcy20548lot6creamteddy;1
57073;vkcy20548lot8creamteddy;1
57076;lsr20071lot4beigepu47;1
57079;lsr20071lot6beigepu47;1
57082;lsr20071lot8beigepu47;1
57083;dc5319lot4creamteddy;1
57084;dc5319lot6creamteddy;1
57086;gdc672lot6teddywhite;1
57087;gdc672lot4teddywhite;1
57088;gdc672lot8teddywhite;1
57104;ckcy20537glot4beigevelvet;1
57105;ckcy20537glot4beigefabric;1
57106;ckcy20537glot6beigevelvet;1
57107;ckcy20537glot6beigefabric;1
57108;ckcy20537glot8beigevelvet;1
57109;ckcy20537glot8beigefabric;1
57110;ahf240106cream;1
57111;ahf240106black;1
57114;ahf241656cream;1
57115;ahf241656white;1
57116;ct50748walnut;1
57117;ct50748sonoma;1
57118;ad23dt02walnut;1
57119;1359beigefabric;1
57120;1359silvervelvet;1
57121;1359puttyvelvet;1
57123;vkdt50851cheneclair;1
57124;vkdt30219goldmarble;1
57125;ct50701walnut;1
57126;ct50701sonoma;1
57127;vkcy20575beigefabric;1
57128;ahf241664cream;1
57129;ahf241664black;1
57130;ahf241660black;1
57131;ahf241660cream;1
57132;ahf241658black;1
57133;ahf241658cream;1
57134;vkcy20576blackvelvet;1
57135;dt2410black;1
57139;bst2415black;1
57140;bst2415cream;1
57141;vkcy20578lightoakbeige;1
57142;vkcy20578walnutdarkgrey;1
57143;vkcy20578walnutbeige;1
57144;vkby20580lightoakbeige;1
57145;vkby20580walnutdarkgrey;1
57149;vkby20581bteddyfabric;1
57150;taco2415black;1
57151;taco2415beige;1
57152;dtset1015white;1
57153;tvset2431black;1
57154;tvset2431beige;1
57155;dr2425noir;1
57157;1350teddygris;1
57159;1350teddybeige;1
57160;at8422walnut;1
57162;2057blackcordu;1
57163;2057puttyvelvet;1
57164;2057beigefabric;1
57165;1210rightbeigevelvet;1
57166;1210rightgreyvelvet;1
57167;1210leftgreyvelvet;1
57168;1210leftbeigevelvet;1
57169;dt2296white;1
57170;dt2248white;1
57171;at8278ltravertin;1
57172;at8278lwalnut;1
57173;at8244btravertin;1
57174;at8251ltravertin;1
57175;lf3821glightgreyfabric;1
57176;lf3821gbeigefabric;1
57177;lf3821gputtyfabric;1
57178;lf6598lightgreyfabric;1
57179;lf6598beigefabric;1
57180;lf6598puttyfabric;1
52485;yf230046;1
57181;AHF241793black;1
57182;AHF241795white;1
57183;AHF241796white;1
57184;AHF241796black;1
57185;AHF241857white;1
57186;AHF241857black;1
57187;AHF241776;1
57188;AHF241768;1
57189;AHF241815DTwhite;1
57190;AHF241815DTblack;1
57191;ahf240106pink;1
57192;ahf240106taupe;1
57193;AHF241810;1
57194;AHF241791travertin;1
57195;AHF241790terrazzo;1
57196;AHF241790travertin;1
57197;AHF241849DTterrazzo;1
57201;at8275lwalnut;1
57202;at8275ltravertin;1
57203;AHF241789CTterrazzo;1
57204;AHF241789CTtravertin;1
57205;AHF241789CTblackmarble;1
57206;AHF241813white;1
57207;AHF241814swhite;1
57208;AHF241814sblack;1
57209;AHF241813black;1
57210;t30253walnut;1
57211;at8273lwalnut;1
57212;at8273ltravertin;1
57213;c20589rattanbeigeteddy;1
57214;c20589rattanblackteddy;1
57216;c20589rattanlot4beigeteddy;1
57217;c20589rattanlot4blackteddy;1
57218;c20589rattanlot6beigeteddy;1
57219;c20589rattanlot6blackteddy;1
57220;c20589rattanlot8beigeteddy;1
57221;c20589rattanlot8blackteddy;1
57222;tb50585walnut;1
57223;tb50585travertin;1
57224;t30248travertin;1
57225;mirror964;1
57226;mirror961;1
57227;c50807marble;1
57228;tb50831marble;1
57229;t30228marble;1
57230;1565beigevelvet;1
57231;1565beigecordu;1
57232;matress140;1
57233;matress180;1
57234;matress160;1
57235;matress90;1
57236;1565browncordu;1
57237;1565greyvelvet;1
57238;180bregobeigefabric;1
57239;160bregogreyfabric;1
57240;160bregodarkgreenfabric;1
57241;140bregodarkgreenfabric;1
57242;180bregodarkgreenfabric;1
57243;140bregobeigefabric;1
57244;160bregobeigefabric;1
57245;180L244greyvelvet;1
57246;160L244greyvelvet;1
57247;140L244greyvelvet;1
57248;tb50818walnut;1
57249;tb50818travertin;1
57250;c50820travertin;1
57251;t30227walnut;1
57252;c50820walnut;1
57253;t30227travertin;1
57255;jyb308matress140putty;1
57256;jyb308matress140lightbeige;1
57257;jyb308matress140silver;1
57258;jyb308matress140teddy;1
57259;XC8242taupecordu;1
57260;XC8242vertcordu;1
57261;XC8242noircordu;1
57262;XC8242argentcordu;1
57263;XC8242beigecordu;1
57264;140bregogreyfabric;1
57265;180bregogreyfabric;1
57266;jyb308matress160putty;1
57267;jyb308matress160lightbeige;1
57268;jyb308matress160lightgrey;1
57269;jyb308matress160silver;1
57270;jyb308matress160teddy;1
57271;jyb308matress180putty;1
57272;jyb308matress180lightbeige;1
57273;jyb308matress180silver;1
57274;jyb308matress180teddy;1
57275;3058beigecordu;1
57276;3058lightgreycordu;1
57277;3058khakicordu;1
57278;3058blackcordu;1
57279;3058puttyvelvet;1
57280;LT422140silvervelvet;1
57281;LT422140taupevelvet;1
57282;LT422180silvervelvet;1
57283;LT422160silvervelvet;1
57284;LT422140kakivelvet;1
57285;LT422160taupevelvet;1
57286;LT422180taupevelvet;1
57287;LT422140beigevelvet;1
57288;LT422160kakivelvet;1
57289;LT422180kakivelvet;1
57290;LT422180beigevelvet;1
57291;LT422160beigevelvet;1
57292;b804blacklightgrey;1
57293;b804whiteputty;1
57294;m804blackmarbleblackvelvet;1
57295;m804whitemarbleblackvelvet;1
57296;angsoftbeigecordu;1
57297;angsoftgreycordu;1
57298;andsoftbeigecordu;1
57299;andsoftgreycordu;1
57300;b804xlblacklightgrey;1
57301;m804xlwhitemarbleblackvelvet;1
57302;m804xlblackmarblelightgreyfabric;1
57303;b804xlwhiteputty;1
57304;1566beigeteddy;1
57305;1566greyteddy;1
57306;XPB7016A2bleucordu;1
57307;XPB7016A2blackcordu;1
57308;XPB7016A2taupecordu;1
57309;29808walnutbeigeteddy;1
57310;29809ltbrownteddywhite;1
57311;29809walnutteddybeige;1
57312;ventoBeigecordu;1
57313;29807ltoakteddybeige;1
57314;29807walnutteddybeige;1
57315;29807blackwoodgreyvelvet;1
57316;29807walnutbrownvelvet;1
57317;ahf241658taupe;1
57318;29810blackwoodgreyfabric;1
57319;29810walnutbeigevelvet;1
57320;29810walnutbrownvelvet;1
57321;29810ltoakteddybeige;1
57323;maf211067000A;1
57325;maf1903980003;1
57326;maf1903980001;1
57327;maf190396000C;1
57329;maf1903930000;1
57330;maf1903920000;1
57331;maf1903910000;1
57332;maf1903900000;1
57333;maf1903880000;1
57334;maf1903860000;1
57335;maf1903850000;1
57337;maf190382000V;1
57338;maf190382000R;1
57339;maf190381000B;1
57340;maf190381000A;1
57341;maf1903800000;1
57342;maf1903790000;1
57343;maf1903780003;1
57344;maf1903780001;1
57345;maf1903760003;1
57346;maf1903760001;1
57347;maf1903750000;1
57348;maf1903740000;1
57349;maf1903730000;1
57351;maf1903670000;1
57352;maf1903660000;1
57353;maf1903640001;1
57355;maf1903610000;1
57357;maf1903410000;1
57358;maf1903400000;1
57359;maf1790410000;1
57362;maf1790380000;1
57363;maf1607690000;1
57364;maf1607680000;1
57365;maf1607670000;1
57366;maf1607660000;1
57367;maf1607650000;1
57368;maf1607640003;1
57369;maf1607640002;1
57370;maf1607640001;1
57372;maf1607620000;1
57373;maf1607610000;1
57374;maf1607600000;1
57375;maf1607590000;1
57376;maf1607580000;1
57377;maf1607570000;1
57380;maf1607560001;1
57381;maf1607550000;1
57382;maf1607540000;1
57383;maf1607530003;1
57385;maf160752000B;1
57386;maf160752000A;1
57387;maf1607510003;1
57388;maf1607510001;1
57389;maf1607500000;1
57390;maf1607490000;1
57391;maf160746000B;1
57392;maf160746000A;1
57393;maf1607360003;1
57394;maf1607350000;1
57396;maf160719000A;1
57398;maf1427000000;1
57399;maf1426560000;1
57401;maf1426040000;1
57405;maf09023200BR;1
57408;maf0661450000;1
57409;maf0661440000;1
57410;maf0661430000;1
57411;maf0661420000;1
57412;maf0661410000;1
57414;maf0661390000;1
57415;maf066138000F;1
57416;maf066138000B;1
57417;maf066137000G;1
57418;maf066137000B;1
57419;maf066136000S;1
57420;maf066136000C;1
57421;maf06613500BL;1
57422;maf066135000V;1
57423;maf066135000F;1
57424;maf066135000B;1
57425;maf06613400BL;1
57426;maf066134000V;1
57427;maf066134000F;1
57428;maf066134000B;1
57429;maf0661330000;1
57430;maf0661320000;1
57431;maf0661310000;1
57432;maf0661280000;1
57433;maf0661260000;1
57434;maf0661250000;1
57437;maf066123000B;1
57439;maf066122000R;1
57440;maf066122000G;1
57441;maf066121000C;1
57442;maf066121000B;1
57443;maf066120000G;1
57444;maf066120000F;1
57445;maf066120000C;1
57446;maf066119000R;1
57447;maf066119000C;1
57448;maf066118000V;1
57449;maf066118000C;1
57452;maf0661150000;1
57453;maf0661140000;1
57454;maf0661130000;1
57455;maf0661120000;1
57456;maf0661110000;1
57459;maf0660970000;1
57462;maf0660880000;1
57463;maf0660850000;1
57464;maf0660840003;1
57466;maf0660830000;1
57467;maf0660820000;1
57468;maf0660800000;1
57470;maf0660780000;1
57471;maf0660770000;1
57472;maf0660750000;1
57476;maf0660620000;1
57477;maf0660610000;1
57478;maf0660600000;1
57479;maf0660590000;1
57482;maf0660510000;1
57486;maf0660400000;1
57488;maf0660280000;1
57489;maf0660270000;1
57493;maf0648320000;1
57494;maf0648310000;1
57495;maf0648300000;1
57496;maf0648290000;1
57497;maf0648280000;1
57498;maf0648270000;1
57499;maf0648260000;1
57500;maf064825000B;1
57501;maf064825000A;1
57502;maf0648240000;1
57503;maf0648230000;1
57504;maf0648220000;1
57505;maf0648210000;1
57509;maf0648170000;1
57511;maf0648150000;1
57512;maf0648140000;1
57514;maf0648120003;1
57515;maf0648120001;1
57516;maf0648110003;1
57517;maf0648110001;1
57518;maf0648100003;1
57519;maf0648100001;1
57521;maf0648090001;1
57523;maf0648080001;1
57524;maf0648040000;1
57525;maf0648030000;1
57526;maf0648020000;1
57527;maf064800000B;1
57528;maf064800000A;1
57529;maf0647990000;1
57531;maf0647960000;1
57533;maf0647930000;1
57534;maf0647920000;1
57535;maf0647910000;1
57536;maf0647900000;1
57539;maf064784000N;1
57540;maf0647810000;1
57545;maf0647720000;1
57546;maf0647710000;1
57547;maf0647680000;1
57548;maf0647640000;1
57549;maf0647630000;1
57552;maf0647590000;1
57554;maf0647530000;1
57555;maf0647520000;1
57560;maf0647420000;1
57561;maf0647410000;1
57562;maf0647400000;1
57563;maf0647260000;1
57568;maf0647110000;1
57570;maf0421280000;1
57571;maf0421270003;1
57572;maf0421270001;1
57575;maf0421240000;1
57576;maf0421220000;1
57577;maf0421210000;1
57578;maf0421200003;1
57579;maf0421200001;1
57580;maf0421190003;1
57581;maf0421190001;1
57582;maf0421180003;1
57583;maf0421180001;1
57585;maf0421160003;1
57587;maf0421150000;1
57592;maf0421100000;1
57593;maf0421090000;1
57594;maf0421080000;1
57595;maf0421070003;1
57596;maf0421070001;1
57597;maf042106000L;1
57598;maf042106000H;1
57599;maf042106000B;1
57600;maf0421050003;1
57601;maf0421050001;1
57606;maf0421020001;1
57607;maf0421010000;1
57608;maf0421000000;1
57609;maf0420990003;1
57610;maf0420990001;1
57611;maf0420980003;1
57612;maf0420980001;1
57613;maf0420970003;1
57614;maf0420970001;1
57619;maf042095000P;1
57620;maf042095000l;1
57621;maf042095000F;1
57622;maf042095000A;1
57623;maf0420940003;1
57626;maf0420930001;1
57627;maf0420920003;1
57628;maf0420920001;1
57629;maf0420910003;1
57630;maf0420910001;1
57635;maf0420880003;1
57641;maf0420840000;1
57643;maf0420820000;1
57644;maf0420810003;1
57647;maf0420790000;1
57648;maf0420780000;1
57651;maf042075000C;1
57656;maf0420730003;1
57657;maf0420730001;1
57658;maf0420710000;1
57659;maf0420700000;1
57660;maf0420690000;1
57661;maf0420680000;1
57662;maf0420550000;1
57663;maf0420530000;1
57664;maf0420320000;1
57665;maf0420310000;1
57666;maf0420300000;1
57669;maf0372670003;1
57670;maf0372670001;1
57672;maf0372660001;1
57677;maf0372630003;1
57678;maf0372630001;1
57679;maf0372620003;1
57680;maf0372620001;1
57681;maf0372610003;1
57682;maf0372610001;1
57683;maf0372600003;1
57684;maf0372600001;1
57685;maf0372590003;1
57686;maf0372590001;1
57688;maf0372580001;1
57691;maf0372560003;1
57692;maf0372560001;1
57693;maf0372550003;1
57694;maf0372550001;1
57695;maf0372540003;1
57696;maf0372540001;1
57697;maf0372530003;1
57698;maf0372530001;1
57701;maf0372510003;1
57703;maf0372500003;1
57704;maf0372500001;1
57705;maf0372490003;1
57706;maf0372490001;1
57707;maf0372480003;1
57708;maf0372480001;1
57709;maf0372470003;1
57710;maf0372470001;1
57711;maf0372460003;1
57712;maf0372460001;1
57713;maf0372450003;1
57714;maf0372450001;1
57715;maf0372440003;1
57716;maf0372440001;1
57717;maf0372430003;1
57718;maf0372430001;1
57724;maf0372360001;1
57725;maf0372340001;1
57729;maf0372260001;1
57732;maf0372210000;1
57735;maf0372050003;1
57736;maf0372040003;1
57738;maf0372030003;1
57739;maf0372030001;1
57743;maf0325880000;1
57744;maf0325870000;1
57745;maf0325860000;1
57746;maf0325850000;1
57747;maf0325840000;1
57749;maf0325820000;1
57750;maf0325810000;1
57751;maf0325800000;1
57752;maf0325790000;1
57753;maf032578000B;1
57759;maf032574000B;1
57760;maf032574000A;1
57761;maf032573000B;1
57762;maf032573000A;1
57763;maf032572000B;1
57764;maf032572000A;1
57765;maf0325710000;1
57766;maf0325700000;1
57767;maf032569000B;1
57768;maf032569000A;1
57769;maf0325680000;1
57772;maf0325660000;1
57773;maf0325650000;1
57774;maf0325640000;1
57779;maf032560000A;1
57780;maf0325590000;1
57781;maf0325580000;1
57783;maf0325540000;1
57785;maf0325520000;1
57786;maf0325500000;1
57787;maf0324490000;1
57788;maf0324480000;1
57790;maf0324460000;1
57793;maf032443000B;1
57794;maf032443000A;1
57795;maf0324420000;1
57797;maf0324400000;1
57799;maf0324380000;1
57802;maf0324350000;1
57805;maf0324320000;1
57806;maf0324310000;1
57807;maf0324300000;1
57808;maf0324290000;1
57810;maf0324270000;1
57811;maf032426000B;1
57812;maf032426000A;1
57813;maf0324250000;1
57814;maf0324240000;1
57815;maf0324230000;1
57816;maf0324220000;1
57817;maf0324210000;1
57819;maf0324190000;1
57820;maf032418000B;1
57821;maf032418000A;1
57822;maf032417000B;1
57823;maf032417000A;1
57824;maf032416000B;1
57825;maf032416000A;1
57826;maf032415000B;1
57829;maf032414000A;1
57831;maf032413000A;1
57833;maf032411000B;1
57837;maf032409000B;1
57839;maf0324080000;1
57840;maf0324070000;1
57841;maf0324060000;1
57842;maf0324050000;1
57844;maf0324030000;1
57846;maf0324010000;1
57847;maf0324000000;1
57848;maf0323990000;1
57849;maf0323980000;1
57850;maf0323970000;1
57851;maf0323960000;1
57852;maf0323950000;1
57853;maf0323940000;1
57854;maf0323930000;1
57855;maf0323920000;1
57856;maf0323910000;1
57857;maf0323900000;1
57858;maf0323890000;1
57859;maf0323880000;1
57860;maf0323870000;1
57861;maf0323860000;1
57862;maf0323850000;1
57863;maf0323840000;1
57864;maf0323830000;1
57865;maf0323820000;1
57867;maf0323800000;1
57869;maf0323780000;1
57870;maf0323770000;1
57872;maf0323740000;1
57873;maf0323730000;1
57878;maf0323680000;1
57879;maf0323670000;1
57880;maf0323660000;1
57881;maf0323650000;1
57882;maf0323640000;1
57884;maf032362000B;1
57885;maf032362000A;1
57886;maf032361000B;1
57888;maf032360000B;1
57889;maf032360000A;1
57890;maf032359000B;1
57891;maf032359000A;1
57892;maf032358000B;1
57893;maf032358000A;1
57894;maf032357000V;1
57895;maf032357000R;1
57897;maf032355000B;1
57899;maf032354000B;1
57900;maf032353000B;1
57901;maf032353000A;1
57902;maf032352000B;1
57905;maf032351000A;1
57909;maf0323460000;1
57910;maf0323450000;1
57911;maf0323430000;1
57916;maf0323390000;1
57918;maf0323330000;1
57919;maf0323290000;1
57920;maf0323280000;1
57921;maf0323270000;1
57923;maf0323240000;1
57924;maf032319000B;1
57925;maf032319000A;1
57928;maf0323140000;1
57931;maf0323100000;1
57932;maf0323090000;1
57940;maf032295000A;1
57941;maf032288000B;1
57942;maf032288000A;1
57943;maf0322860000;1
57944;maf0322830000;1
57947;maf0322790000;1
57948;maf032278000B;1
57949;maf032278000A;1
57950;maf0322740000;1
57951;maf0322720000;1
57952;maf0322670000;1
57953;maf0322660000;1
57954;maf0322650000;1
57955;maf0322640000;1
57956;maf0322630000;1
57957;maf0322600000;1
57958;maf0322570000;1
57959;maf0322560000;1
57960;maf032255000B;1
57961;maf032255000A;1
57962;maf032254000B;1
57963;maf032254000A;1
57964;maf032250000B;1
57965;maf032250000A;1
57966;maf032248000B;1
57967;maf032236000B;1
57970;maf032231000C;1
57971;maf032231000A;1
57972;maf0322300000;1
57975;maf0322240000;1
57977;maf0322120000;1
57979;maf0322080000;1
57980;maf0322050000;1
57981;maf0322040000;1
57982;maf0322020003;1
57983;maf03219900RE;1
57984;maf032199000R;1
57985;maf0321980000;1
57986;maf0321970000;1
57987;maf0321940000;1
57988;maf0321930000;1
57989;maf0321910000;1
57990;maf0321900000;1
57991;maf0321890000;1
57992;maf0321860000;1
57993;maf0321840000;1
57994;maf0321810000;1
57996;maf0321700000;1
57997;maf0321670000;1
57998;maf0321660000;1
58004;maf0321460000;1
58005;maf032144000B;1
58006;maf032143000C;1
58007;maf032143000B;1
58011;maf032141000C;1
58012;maf032141000A;1
58014;maf0321320000;1
58015;maf0321310000;1
58016;maf0321300000;1
58021;maf0321250000;1
58022;maf0321240000;1
58023;maf0321230000;1
58025;maf032121000A;1
58027;maf032120000A;1
58028;maf032118000B;1
58030;maf032117000A;1
58031;maf0321140000;1
58033;maf0321100000;1
58035;maf0321050000;1
58036;maf032104000B;1
58037;maf032104000A;1
58039;maf0320990000;1
58040;maf0320980000;1
58041;maf0320960000;1
58042;maf0320900000;1
58043;maf0320880000;1
58045;maf0320820000;1
58046;maf0320810000;1
58047;maf0320800000;1
58049;maf0320780000;1
58050;maf032074000B;1
58051;maf032074000A;1
58052;maf0320710000;1
58057;maf0320630000;1
58058;maf0320620000;1
58060;maf0320590000;1
58061;maf0320580000;1
58062;maf0320570000;1
58065;maf032048000B;1
58066;maf032047000A;1
58069;maf0320450000;1
58070;maf032044000C;1
58071;maf032044000B;1
58072;maf032044000A;1
58073;maf0320420000;1
58074;maf032040000B;1
58075;maf032040000A;1
58076;maf0320360003;1
58078;maf032027000B;1
58079;maf032027000A;1
58080;maf0320220000;1
58081;maf0320080000;1
58083;maf031988000B;1
58084;maf031988000A;1
58085;maf031987000B;1
58086;maf031987000A;1
58087;maf031985000B;1
58088;maf031984000B;1
58090;maf0319640000;1
58091;maf0319630000;1
58092;maf0319620000;1
58093;maf0319610000;1
58094;maf0319600000;1
58095;maf0319510000;1
58096;maf0319490000;1
58097;maf0319440000;1
58099;maf0319270001;1
58102;maf0318950000;1
58105;maf0318860000;1
58107;maf031879000A;1
58110;maf0318460000;1
58112;maf0318430000;1
58113;maf031755000C;1
58114;maf031755000B;1
58115;maf031755000A;1
58120;maf0120240003;1
58121;maf0120240001;1
58122;maf0120230003;1
58124;maf0120220000;1
58125;maf0120210000;1
58126;maf0120200000;1
58127;maf0120190000;1
58128;maf0120180000;1
58129;maf0120170000;1
58130;maf012016000B;1
58131;maf012016000A;1
58134;maf0120140003;1
58135;maf0120140001;1
58136;maf0120130003;1
58137;maf0120130001;1
58138;maf0120120000;1
58139;maf01201100RE;1
58140;maf012011000R;1
58141;maf012011000C;1
58142;maf0120100000;1
58143;maf0120090003;1
58144;maf0120090001;1
58145;maf0120080003;1
58147;maf0120070000;1
58148;maf0120060000;1
58149;maf0120050000;1
58150;maf0120030003;1
58151;maf0120030001;1
58152;maf0120020000;1
58153;maf0120000000;1
58158;maf0119960000;1
58159;maf0119950000;1
58160;maf0119940000;1
58161;maf0119930000;1
58162;maf0119920000;1
58163;maf0119910000;1
58165;maf0119890003;1
58166;maf0119890001;1
58173;maf0119850000;1
58174;maf0119840000;1
58175;maf0119830000;1
58176;maf0119820000;1
58182;maf011978000B;1
58183;maf011978000A;1
58184;maf0119770000;1
58185;maf0119760000;1
58187;maf0119740000;1
58188;maf0119730000;1
58189;maf0119720003;1
58190;maf0119720001;1
58191;maf0119710003;1
58192;maf0119710001;1
58193;maf0119700003;1
58194;maf0119700001;1
58195;maf0119690003;1
58196;maf0119690001;1
58197;maf0119680003;1
58198;maf0119680002;1
58199;maf0119680001;1
58200;maf0119670000;1
58201;maf0119660000;1
58207;maf0119600003;1
58208;maf0119600002;1
58209;maf0119600001;1
58211;maf0119580000;1
58213;maf0119560000;1
58214;maf0119550000;1
58215;maf011953000B;1
58216;maf011952000B;1
58218;maf011951000B;1
58220;maf011950000B;1
58222;maf011949000B;1
58224;maf011947000G;1
58226;maf011946000G;1
58227;maf011946000B;1
58228;maf0119440000;1
58229;maf011942000T;1
58230;maf011942000S;1
58231;maf0119410000;1
58232;maf0119400000;1
58233;maf0119390000;1
58234;maf0119380000;1
58235;maf0119370000;1
58236;maf0119360000;1
58237;maf011935000Y;1
58238;maf011935000K;1
58239;maf0119340000;1
58240;maf0119330000;1
58241;maf011932000Y;1
58242;maf011932000S;1
58244;maf011645000S;1
58245;maf011644000S;1
58246;maf0116420000;1
58247;maf0116410000;1
58248;maf0116400000;1
58249;maf0116390000;1
58250;maf0116380000;1
58253;maf0116330003;1
58254;maf011632000R;1
58255;maf011632000B;1
58257;maf011631000N;1
58258;maf011630000N;1
58259;maf0116290000;1
58260;maf0116280000;1
58261;maf0116270000;1
58262;maf0116250000;1
58263;maf0116240000;1
58264;maf0116220000;1
58265;maf0116210001;1
58266;maf0116200003;1
58267;maf0116200001;1
58268;maf0116160000;1
58273;maf0116080000;1
58274;maf0116070000;1
58275;maf0116060000;1
58276;maf0116020003;1
58281;maf0115910001;1
58282;maf0115640000;1
58283;15101sbeigecordu;1
58284;15102sbeigecordu;1
58285;15103sbeigecordu;1
58286;15101sgreycordu;1
58287;15103sgreycordu;1
58288;15102sgreycordu;1
58289;1349beigecordu;1
58290;1349blackcordu;1
58291;1349taupecordu;1
58292;15041staupecordu;1
58293;15042staupecordu;1
58294;15043staupecordu;1
58295;15041sbleucordu;1
58296;15042sbleucordu;1
58297;15043sbleucordu;1
58298;15041sblackcordu;1
58299;15043sblackcordu;1
58300;15042sblackcordu;1
58301;1561beige;1
58302;1561taupe;1
58303;1561bleuvelet;1
58304;13971swhiteteddy;1
58305;13973swhiteteddy;1
58306;13972swhiteteddy;1
58307;13971ssilvervelvet;1
58308;13973ssilvervelvet;1
58309;13972ssilvervelvet;1
58310;13971sbluevelvet;1
58311;13973sbluevelvet;1
58312;13972sbluevelvet;1
58313;140vb02matress140beige;1
58314;160vb02matress160beige;1
58315;160vb02matress160silver;1
58316;dt1016black;1
58317;dtset1015black;1
58318;dt2410purewhite;1
58319;LT419140beigefabric;1
58320;LT419140darkgreyfabric;1
58321;LT419160beigefabric;1
58322;LT419160darkgreyfabric;1
58323;LT419180beigefabric;1
58324;LT419180darkgreyfabric;1
58326;maf1713310003;1
58328;maf1713290000;1
58329;maf171328000S;1
58330;maf171328000G;1
58332;maf1713260000;1
58333;maf1713250000;1
58334;maf1713240003;1
58335;maf1713230000;1
58337;maf1713210000;1
58338;maf1713200000;1
58339;maf1713190000;1
58340;maf1713180000;1
58341;maf1713170000;1
58342;maf1713160000;1
58343;maf1713150000;1
58344;maf1713140000;1
58345;maf1713130000;1
58347;maf1713110000;1
58348;maf171310000S;1
58349;maf171310000G;1
58350;maf1713090000;1
58351;maf1713080000;1
58352;maf1713070000;1
58353;maf1713060000;1
58354;maf1713050000;1
58355;maf1713040000;1
58359;maf1713010003;1
58360;maf1713010001;1
58361;maf171300000W;1
58362;maf171300000B;1
58363;maf171299000G;1
58364;maf171299000B;1
58366;maf171298000A;1
58367;maf171297000V;1
58368;maf171297000R;1
58369;maf171296000Y;1
58370;maf171296000G;1
58371;maf171295000C;1
58372;maf171295000B;1
58374;maf1712940001;1
58375;maf1712930000;1
58376;maf1712920003;1
58377;maf1712910003;1
58378;maf1712910002;1
58379;maf1712900003;1
58381;maf171289000T;1
58382;maf171289000B;1
58388;maf1712810003;1
58390;maf171279000R;1
58391;maf171279000B;1
58392;maf171278000R;1
58393;maf171278000B;1
58394;maf1712770000;1
58400;maf1712690001;1
58405;maf1712670001;1
58415;maf171261000B;1
58416;maf1712600000;1
58417;maf1712590000;1
58418;maf171258000B;1
58419;maf171258000A;1
58420;maf171257000B;1
58421;maf171257000A;1
58422;maf171256000V;1
58423;maf171256000R;1
58424;maf171256000G;1
58425;maf1712550000;1
58426;maf1712540000;1
58427;maf1712530003;1
58428;maf1712530001;1
58429;maf1712520000;1
58430;maf1712510000;1
58431;maf1712500000;1
58433;maf171248000N;1
58436;maf1712460005;1
58437;maf1712460003;1
58438;maf1712450007;1
58440;maf1712440000;1
58441;maf171243000B;1
58442;maf171243000A;1
58448;maf1712360000;1
58449;maf1712350000;1
58450;maf1712340003;1
58451;maf17123200R3;1
58452;maf17123200G3;1
58454;maf17123200B3;1
58455;maf1712310003;1
58460;maf1712250000;1
58461;maf1712240000;1
58463;maf171221000N;1
58464;maf171221000G;1
58465;maf171221000B;1
58468;maf171220000B;1
58471;maf1712150000;1
58472;maf1712140000;1
58473;maf1712130000;1
58474;maf1712120000;1
58475;maf171211000V;1
58476;maf171211000R;1
58477;maf171209000W;1
58478;maf171209000M;1
58484;maf1712020000;1
58487;maf1711990003;1
58496;maf1711900003;1
58497;maf1711900002;1
58498;maf1711890000;1
58499;maf1711880000;1
58500;maf1711870000;1
58501;maf1711840000;1
58502;maf1711680003;1
58503;maf1711680001;1
58510;maf1711600002;1
58511;maf1711590003;1
58515;maf1711550003;1
58516;maf1711550001;1
58519;maf1711510002;1
58520;maf1711500003;1
58521;maf1711500002;1
58522;maf1711490003;1
58523;maf1711490001;1
58524;maf1711480000;1
58526;maf1711380000;1
58529;maf1711340000;1
58530;maf1711330000;1
58531;maf1711320000;1
58532;maf1711290000;1
58533;maf1711280000;1
58534;maf1711270000;1
58536;maf1711220000;1
58539;maf1711030000;1
58547;maf1710410003;1
58551;maf171007000I;1
58553;maf171006000B;1
58557;maf1607480000;1
58559;maf142675000R;1
58562;maf1426030000;1
58563;maf1425990000;1
58564;maf1425320000;1
58565;maf1425180000;1
58569;maf1422840000;1
58570;maf142102000Q;1
58572;maf1420650000;1
58574;lf3804beigecordu;1
58575;140vb16matress140putty;1
58576;140vb16matress140grey;1
58577;140vb16matress140whiteteddy;1
58578;160vb16matress160putty;1
58579;160vb16matress160grey;1
58580;160vb16matress160whiteteddy;1
58581;180vb16matress180putty;1
58582;180vb16matress180grey;1
58583;180vb16matress180whiteteddy;1
58589;180L244bedreamputtyvelvet;1
58588;180L244bedreamgreyvelvet;1
58587;160L244bedreamputtyvelvet;1
58586;140L244bedreamputtyvelvet;1
58585;140L244bedreamgreyvelvet;1
58584;160L244bedreamgreyvelvet;1
58591;be1sw;1
58592;be1sa;1
58692;or2-s;1
58693;or2-w;1
58694;on18-w;1
58695;fr15-aw;1
58696;ps1-gp;1
58697;ps1-w;1
58698;vg6-ge;1
58699;vg4-ge;1
58700;vs3-cga;1
58701;vs1-cga;1
58702;hm7-cg;1
58703;hm5-cg;1
58704;st1-aw;1
58705;st1-w;1
58706;rl4-aa;1
58707;rl2-aa;1
58708;br2-aw;1
58709;br2-aa;1
58710;ml23-a;1
58711;vo16-ob;1
58712;vo16-ba;1
58713;vo4-w;1
58714;vo4-ob;1
58715;vo4-ba;1
58716;vo3-w;1
58717;vo3-ob;1
58718;vo3-ba;1
58719;vo1-w;1
58720;vo1-ob;1
58721;vo1-ba;1
58722;fr11-aw;1
58723;ct5-aw;1
58724;ct5-aa;1
58725;ct2-aw;1
58726;ct2-ab;1
58727;re4-w;1
58728;re2-sa;1
58729;re2-w;1
58730;on28w;1
58731;on28sa;1
58732;vr1sw;1
58733;vr1sa;1
58734;vr1bk;1
58735;lv17wk;1
58736;lv17gt;1
58737;re4-sa;1
58738;fr13aw;1
58739;fn1lb;1
58740;fr14aw;1
58741;fr14aa;1
58742;fr15aa;1
58743;vg3ge;1
58744;g2236160travertin;1
58745;g2236180travertin;1
58746;tvset2431cream;1
58747;maf0120250000;1
58748;maf012026000w;1
58749;maf012026000s;1
58751;maf0120280000;1
58752;maf0120270000;1
58753;maf0120290000;1
58754;maf012030000b;1
58755;maf012030000a;1
58757;maf012031000c;1
58759;maf012031000d;1
58761;maf0120320000;1
58762;maf0120340001;1
58763;maf0120340003;1
58764;maf012035000v;1
58765;maf012035000k;1
58766;maf012036000s;1
58768;maf012038000c;1
58769;maf012038000m;1
58770;maf012038000f;1
58771;maf012038000s;1
58772;maf0120390000;1
58773;maf01203800fl;1
58774;maf0120400000;1
58775;maf0120410000;1
58776;maf0120420002;1
58777;maf0120420001;1
58778;maf0120420003;1
58780;maf0325900001;1
58781;maf032589000c;1
58782;maf032589000b;1
58783;maf0325900002;1
58784;maf032591000a;1
58785;maf0325900003;1
58786;maf032591000b;1
58787;maf04210600sh;1
58788;maf04210600sb;1
58789;maf0325920000;1
58791;maf0421290000;1
58792;maf04210600sl;1
58793;maf0421310003;1
58794;maf0421310001;1
58795;maf0421320001;1
58796;maf0421330001;1
58797;maf0421320003;1
58798;maf0421330002;1
58799;maf0421330003;1
58800;maf0421340003;1
58801;maf0421340001;1
58802;maf0421350001;1
58803;maf0421360000;1
58804;maf0421350003;1
58805;maf0421370000;1
58806;maf0421380001;1
58807;maf0421380003;1
58808;maf0421390001;1
58809;maf0421390003;1
58810;maf0421400001;1
58811;maf0421400003;1
58812;maf0421410001;1
58813;maf0421410003;1
58814;maf0421420001;1
58815;maf0421420003;1
58816;maf0421430001;1
58817;maf0421430003;1
58818;maf0421450000;1
58820;maf0421470001;1
58821;maf0421470003;1
58822;maf0421480001;1
58823;maf0421480002;1
58824;maf0421480003;1
58825;maf0421590000;1
58826;maf066118000f;1
58827;maf066121000r;1
58828;maf06612100or;1
58829;maf06612100rs;1
58830;maf066136000n;1
58831;maf066136000r;1
58832;maf066139000n;1
58833;maf066152000a;1
58834;maf066152000r;1
58835;maf066152000v;1
58837;maf0661530000;1
58838;maf0661540000;1
58839;maf1429030000;1
58840;maf1429040001;1
58841;maf1429040003;1
58842;maf1713380001;1
58843;maf1713380003;1
58844;maf171359000n;1
58845;maf171359000b;1
58846;maf171359000r;1
58848;maf171360000b;1
58849;maf171360000r;1
58850;maf1904000003;1
58851;maf1904000001;1
58852;maf1904010001;1
58853;maf1904020001;1
58854;maf1904010003;1
58855;maf1904020002;1
58856;maf1904040001;1
58857;maf1904020003;1
58858;maf1904040003;1
58859;maf190405000c;1
58860;maf190405000r;1
58861;maf190406000c;1
58862;maf190406000r;1
58863;maf190407000c;1
58864;maf190407000r;1
58865;maf190408000c;1
58866;maf190408000r;1
58867;maf190409000c;1
58868;maf190409000r;1
58869;maf190410000c;1
58870;maf190410000r;1
58872;maf190411000r;1
58873;maf190412000c;1
58874;maf190412000r;1
58875;maf190413000c;1
58876;maf190413000r;1
58877;maf1971490000;1
58884;maf0660150001;1
58886;maf0661270000;1
58888;maf0661300000;1
58891;maf142379000c;1
58896;maf1423850000;1
58897;maf142386000s;1
58898;maf142386000r;1
58900;maf1427780000;1
58901;maf1427790000;1
58902;maf1903890000;1
58907;maf142884000s;1
58908;maf142894000m;1
