SKU;Price;LP30;id;Visibility
jyb308matress140teddy;389;;57258;4
jyb308matress160teddy;419;;57270;4
jyb308matress160lightbeige;419;;57267;4
jyb308matress140lightbeige;375;;57256;4
jyb308matress180teddy;449;;57274;4
jyb308matress140silver;369;;57257;4
jyb308matress140putty;369;;57255;4
jyb308matress160silver;399;;57269;4
jyb308matress160putty;399;;57266;4
jyb308matress180lightbeige;439;;57272;4
jyb308matress160lightgrey;399;;57268;4
2057blackcordu;489;;57162;4
lsr22175blackteddyfrabic;199;;45398;4
lf3674taupefabric;379;;53498;4
jyb308matress180silver;439;;57273;4
jyb308matress180putty;439;;57271;4
2057puttyvelvet;489;;57163;4
ct50748walnut;99;;57116;4
90EF322whitepu;175;;56760;4
vkcy20576beigevelvet;105;;57136;4
lf3489silvervelvet;449;;29333;4
yf230349;32;;54193;4
ct50748sonoma;99;;57117;4
lsr16051grisclair;79;;3441;4
gbc017puttyvelvet;115;;51905;4
dc1801black;89;;5494;4
4630lot2noisnoir;126;;3020;4
ta24150grey;175;;57051;4
ta24150oak;175;;57052;4
ta24150walnut;175;;57053;4
8557bbronzeplating;12;;8848;4
lsr20103puttyvelvet;129;;8464;4
lsr20103blackvelvet;129;;8463;4
lsr20103beigevelvet;129;;8467;4
8290brassplating;14;;8811;4
A605V1-Taupe;189;;1420;4
34932;15;;5036;4
82903bbrassplating;15;;8814;4
ld041red;19;;3970;4
SQCT40BLACK;19;;5788;4
ROCT45BLACK;19;;5796;4
g2236140white;172;;5174;4
34935;20;;5041;4
g2236180white;209;;5180;4
g2236180brown;209;;5179;4
ROCTST45BLACK;20;;5791;4
g2236160white;195;;5177;4
g2236160brown;195;;5176;4
ahf240106black;95;;57111;4
1IRIHAN;24;;42930;4
LUP003-Bleu;23;;1372;4
26289white;23;;30331;4
shy09blue;23;;6447;4
yf230043;23;;52486;4
lf33482vintage;289;;4929;4
lf33823velvetblack;299;;8110;4
LUS007-Transparent;27;;1362;4
bc1013swhitepu;27;;51931;4
bc1013sblackvelvet;27;;51932;4
yf230046;27;;52485;4
hctvwhite;27;;26896;4
hctvblack;27;;26895;4
2TENNIGHT;27;;11599;4
yf230001;27;;52497;4
maroc2tiroirsnoircarbon;27;;8480;4
RGCT120BLACK;27;;5798;4
ROCTST90BLACK;27;;5794;4
34770;29;;5040;4
2TENDRESS;30;;11618;4
AHF241789CTterrazzo;69;;57203;4
bc1013bsilvervelvet;30;;51937;4
bc1013bblackvelvet;30;;51938;4
bc1013bcreamteddyfabric;30;;51936;4
qh8985greyblackegs;30;;5614;4
AHF241791travertin;105;;57194;4
bc1013gcreamteddyfabric;32;;51933;4
bc1013gbeigevelvet;33;;51935;4
SQCT40WHITE;33;;6101;4
ROCTST45GOLD;33;;6030;4
ROCT45WHITE;33;;5946;4
ROCT45SILVER;33;;5945;4
lf3487bluevelvet;159;;14867;4
lf3487pinkvelvet;159;;14871;4
lf3487greenvelvet;159;;14868;4
lf3487darkgreyfabric;159;;14864;4
SQCT40RED;35;;6100;4
ROCTST90WHITE;35;;6050;4
ROCT90SILVER;35;;5969;4
LUS006-Transparent;35;;1361;4
ROCTST45WHITE;35;;6031;4
A6053-Rouge;299;;813;4
RGCT120RED;36;;6124;4
ROCT90WHITE;36;;5970;4
892840bk;39;;14740;4
lsr19123beigefabric;39;;6287;4
RGCT120WHITE;39;;6125;4
140vb16grey;249;;23520;4
lsr19117beigefabric;39;;5762;4
lsr19117lightgreyfabric;39;;5767;4
bbs7silver;39;;6715;4
dc5600pinkvelvet;39;;9028;4
dc5600greyvelvet;39;;9030;4
dc5600bluevelvet;39;;9029;4
1531040;39;;4136;4
msxbt1816pugrey;40;;5236;4
8055ebleu;41;;2905;4
lf0148gris;41;;4641;4
39356black;41;;24898;4
monbolytocuivre;41;;51117;4
2DENVTV;41;;11575;4
lsr19123pinkvelvet;41;;6284;4
lsr19123mintvelvet;41;;6286;4
lsr19123darkgreyfabric;41;;6288;4
29810ltoakteddybeige;70;;57321;4
29810walnutbrownvelvet;70;;57320;4
29810walnutbeigevelvet;70;;57319;4
29810blackwoodgreyfabric;70;;57318;4
2781002;45;;4139;4
35117nickel;45;;5588;4
lsr22176blackteddyfrabic;45;;45418;4
lsr22176gristeddyfabric;45;;51211;4
ps1-w;45;;58697;4
yf230344;45;;54196;4
c1024velvetsilver;45;;6477;4
ahf240237black;45;;53597;4
g38041brown;45;;5672;4
ahf240233oak;45;;53596;4
dc5611blackfabric;45;;41719;4
lsr16051velvetputty;85;;8368;4
lsr20071bluevelvet78;49;;8306;4
ahf240101white;49;;53595;4
dc5319blackvelvet;85;;5549;4
lsr22176brownteddyfabric;49;;51212;4
ahf240106cream;95;;57110;4
ahf240106taupe;95;;57192;4
lsr22176whiteteddyfabric;50;;45417;4
ps1-gp;50;;58696;4
HB090-Argent;50;;1516;4
c1024velvetblack;50;;6475;4
c1023blue49;50;;5735;4
stt012cs14silver;50;;6711;4
dc5611silvervelvet;50;;41716;4
lsr22175brownteddyfabric;199;;51247;4
dc5319creamteddy;89;;52385;4
gdc672teddywhite;99;;52260;4
monbolytowashor;55;;51116;4
c867bleufonce;55;;4113;4
2TENCHEST;55;;11620;4
39398nickel;55;;26000;4
qh89041beige;99;;4915;4
lf33821velvetputty;155;;8105;4
lf33821velvetblue;155;;6427;4
lf33821velvetblack;155;;8106;4
39468copper;56;;10565;4
vkcy20576blackvelvet;105;;57134;4
shy05;60;;6425;4
HB090-Noir;60;;1514;4
lsr20071whitevelvet1;60;;8304;4
AHF241790travertin;60;;57196;4
ct100wh;60;;50287;4
lsr20071blackpu;60;;8308;4
lsr20071beigepu47;60;;8309;4
AHF241790terrazzo;60;;57195;4
yf230132;60;;54197;4
s0268oakblackfabric;60;;51837;4
s0268oakgreyfabric;60;;51838;4
s0268oakcreamteddyfab;60;;51836;4
vkdt50851cheneclair;60;;57123;4
ckcy20537gbeigevelvet;115;;57057;4
qh8901lightgrey68018;115;;4142;4
ect028tgsksmoke;60;;4409;4
dc5616bluevelvet;60;;32518;4
lf0136hlr68;60;;4330;4
c1585beige;60;;51487;4
dc5106lot2beigefabric;62;;5872;4
dc5106lot2yellowfabric;62;;5871;4
dc5106lot2darkgreyfabric;62;;5869;4
dc5106lot2blackpu;62;;5873;4
HB090-Blanc;62;;1513;4
c1585grey;62;;51486;4
jyb308160kr2lightbeige;275;;6737;4
tb50818travertin;65;;57249;4
fr13aw;65;;58738;4
tb50818walnut;65;;57248;4
dc5106lot2teddyfabric;65;;48194;4
AHF241789CTtravertin;65;;57204;4
AHF241789CTblackmarble;65;;57205;4
tb50585travertin;65;;57223;4
tb50585walnut;65;;57222;4
1070lot2bnoisbeigeteddy;65;;52692;4
1070lot2bnoisnoir;65;;52694;4
dt2248white;65;;57170;4
a320greywhite;65;;8943;4
lsr19128beigefabric;65;;6467;4
38968gold;65;;9050;4
qh83621puttyvelvet;119;;47270;4
qh83621bluevelvet;119;;47271;4
qh83621creamteddyfabric;119;;47274;4
wh1750velvetred;65;;4580;4
8801blackvelvet;65;;5499;4
qh8801black;67;;3834;4
ta231045matwhite;67;;52255;4
ta231045oak;67;;52256;4
ta231045walnut;67;;52257;4
lsr20181khakivelvet24;67;;9020;4
lsr20181bluevelvet77;67;;9017;4
wx2866t2;67;;5008;4
tvset130wh;120;;50286;4
4630lot2noisbeigeteddy;120;;52509;4
4630lot2noisblanc;120;;3021;4
4630lot2chenenoir;120;;3018;4
a320puttywhite;67;;8948;4
lsr19128silvervelvet;67;;6463;4
8873tableblack;69;;8844;4
qh8801blue;69;;3836;4
8801yellow;69;;4426;4
8801vbleu;69;;4184;4
AHF241793black;133;;57181;4
ahf240086white;69;;53841;4
c930darkgreypu;69;;4672;4
yf205552white;69;;57030;4
ect023tgsksmoke;69;;4407;4
jy18a129greyv;69;;4941;4
8801greyvelvet;70;;5500;4
btzdzl003;70;;57027;4
ahf241658taupe;135;;57317;4
AT10013-Chrome;135;;923;4
b2219smarble;135;;4442;4
qh8929grey21;72;;4350;4
1565browncordu;435;;57236;4
c50820travertin;73;;57250;4
c50820walnut;73;;57252;4
qh6676slightgreyvelvet;73;;57041;4
vkct50821cheneclair;73;;57066;4
qh8801beige;73;;3831;4
8801vrose;73;;4181;4
8801darkgrey;73;;4424;4
cy20511puttyvelvet;73;;54178;4
cy20511blackvelvet;73;;54176;4
lsr20072blackpu;73;;8315;4
lsr151140puttyvelvet16;73;;8172;4
qh6675blackvelvet;73;;57028;4
vkcy20575beigefabric;73;;57127;4
qh8152greyvelvet;73;;57013;4
qh8152beigevelvet;73;;57012;4
1025lot2bnoisbeigeteddy;73;;52508;4
ahf241660black;73;;57130;4
ahf241660cream;73;;57131;4
38850ccopper;73;;9211;4
38857gold;73;;9170;4
hm5-cg;73;;58703;4
dc5081bleu;73;;3415;4
vkdt30173pandora;139;;52063;4
lf155hvb121140beige;75;;2434;4
lf155hvb121140taupe;75;;2435;4
mirror961;75;;57226;4
mirror964;75;;57225;4
8901pkp11patchwork;75;;47170;4
bst2415black;75;;57139;4
bst2415cream;75;;57140;4
qh8857kvelvethlr64blue;75;;6719;4
lf155h140vtaupe;79;;2409;4
dc5606blackvelvet;79;;37148;4
hb140gris;79;;2365;4
HB140-Blanc;79;;1131;4
HB140-Noir;79;;1133;4
lf159hvb121140gris;79;;2468;4
lf155h160vargent;79;;2413;4
rl2-aa;79;;58707;4
lf270140vblue;79;;5934;4
lf270140fabricbeige;79;;5932;4
lsr20122blackvelvet;79;;54200;4
lsr20122bluefabric;79;;8457;4
39362goldglass;79;;23786;4
qh8801teddyfabric;79;;38515;4
qh8801patchwork;79;;5691;4
yf230345;79;;54195;4
4630lot2blackoaknoir;125;;5221;4
lf155hvb121160taupe;82;;2438;4
lf155hvb121160gris;82;;2439;4
qh8313darkgreyvelvet;82;;57033;4
lf159hvb121140taupe;82;;2467;4
lf155hvb121160beige;82;;2437;4
gbc016greylvelvet;82;;51903;4
7249lot2blanc;82;;2067;4
c1022grey;82;;5733;4
lsr19143silvervelvet;82;;6474;4
1115silvervelvetsilver;82;;8017;4
lsr22175whiteteddyfabric;209;;45397;4
c1564white;85;;49088;4
br2-aw;85;;58708;4
br2-aa;85;;58709;4
ahf240088white;85;;53840;4
lf155h160vtaupe;85;;2414;4
lf155h160vbeige;85;;3591;4
lsr16051velvetblack;85;;5745;4
gc1606blue;85;;6315;4
lsr43140puttyvelvet16;85;;8200;4
lsr43140pinkvelvet35;85;;8201;4
lsr43140bluevelvet78;85;;8199;4
vkby20581bteddyfabric;85;;57149;4
lf159hvb121140beige;87;;2466;4
lf155h160teddyfabric;87;;49522;4
lsr151160silvervelvet61;87;;8178;4
lf257140vargent;89;;4605;4
qh6675beigevelvet;89;;57029;4
lf155hvb121180gris;89;;2442;4
lf155hvb121180beige;89;;2440;4
HB180-Noir;89;;1151;4
HB180-Blanc;89;;1149;4
HB180-Beige;89;;1148;4
lf258140vrose;89;;4815;4
lf258140vbleu;89;;4665;4
lf258140vargent;89;;4667;4
fr11-aw;89;;58722;4
lsr151160puttyvelvet16;89;;8176;4
lf270160vblue;89;;5938;4
lf270160fabricbeige;89;;6304;4
dc7015puttyvelvet;89;;48204;4
qh8901black;89;;4429;4
YNE062Cpinkvelvetgold;89;;9521;4
YNE062Cbeigevelvetgold;89;;9520;4
l2081grisfonce;89;;3034;4
qh89042p240patchwork;159;;47723;4
vkcy20578walnutbeige;169;;57143;4
vkcy20578lightoakbeige;159;;57141;4
msl016;89;;5855;4
39336silver;89;;23770;4
lf155h180vtaupe;89;;2418;4
lf155h180vargent;89;;2417;4
8901fktgreyvelvet;89;;46897;4
lsr151180pinkvelvet35;89;;8185;4
lsr151180greenvelvet26;89;;8187;4
HB160-Noir;89;;1142;4
hb160gris;89;;2366;4
HB160-Blanc;89;;1140;4
HB160-Taupe;89;;1143;4
89271blackvelvet;89;;6383;4
bdl2cuivre;90;;8785;4
lf257140vtaupe;90;;4604;4
lf257160vbleu;90;;4607;4
hb180gris;90;;2367;4
HB180-Marron;90;;1150;4
vo1-w;90;;58719;4
lsr43160pinkvelvet35;90;;8205;4
lsr43160puttyvelvet16;90;;8204;4
lsr43160bluevelvet78;90;;8203;4
vo1-ob;90;;58720;4
lf155h180teddyfabric;90;;49524;4
lv17wk;90;;58735;4
gdc663teddywhite;90;;52262;4
lsr151180silvervelvet61;90;;8184;4
2781004;90;;4137;4
qh8368beige;90;;57039;4
qh8901yellow16806;90;;4143;4
8901blackvelvet;90;;5501;4
VKBY70047creamteddy;90;;51134;4
yf230347;90;;54194;4
ahf241656white;90;;57115;4
dt2265white;90;;57055;4
39397nickel;90;;26007;4
8901fktbluevelvet;92;;46904;4
vk20192putty;92;;11606;4
42423;92;;47696;4
42409;92;;47695;4
8901fktblackvelvet;92;;46907;4
1025lot2noisnoir;95;;3028;4
1025lot2naturelwhite;95;;8005;4
1025lot2chenenoir;95;;3031;4
lf159hvb121160taupe;95;;2470;4
lf159hvb121160beige;95;;2469;4
lf159hvb121160gris;95;;2471;4
HB180-Taupe;95;;1152;4
ahf240106white;95;;53594;4
ahf240106pink;95;;57191;4
8901vhlr56green;95;;4437;4
qh8805teddyfabric;95;;38516;4
lf258160vtaupe;95;;4717;4
lf258160vrose;95;;4816;4
vo1-ba;95;;58721;4
lv17gt;95;;58736;4
lf270180vblue;95;;6254;4
vkct50847beige;95;;57069;4
qh8861darkgrey;95;;3844;4
vr1bk;95;;58734;4
qh8901blue168024;95;;4144;4
qh8381greyteddyfabric;95;;47889;4
39354silver;95;;23785;4
qh8805beige;97;;3825;4
qh89041yellow;97;;4914;4
qh89041lightgrey;97;;4916;4
qh89041creamteddy;97;;49950;4
A605V1-Noir;179;;817;4
a605v1greenvelvet;179;;5646;4
a605v1bleuvelvet;179;;5638;4
hm1652patchwork;179;;5504;4
8901fktbeigefabric;99;;46900;4
8901fktcreamteddy;99;;46908;4
8901vhlr64blue;99;;4438;4
qh83622bluevelvet;189;;47276;4
qh83622puttyvelvet;189;;47275;4
qh83622blackteddyfabric;189;;47277;4
89271lightgreyfabric;99;;6373;4
89271creamteddy;99;;49951;4
tvset100wh;99;;50289;4
tvset100wd;99;;50290;4
vo4-w;99;;58713;4
c20589rattanbeigeteddy;99;;57213;4
qh8371blackvelvet;99;;57038;4
qh8371beigevelvet;99;;57037;4
lsr19127bluevelvet;99;;8158;4
39365silver;99;;25186;4
qh83622creamteddyfabric;195;;47278;4
dc5081beige;99;;3252;4
ahf240243white;99;;53593;4
qh8805v1vert;99;;4177;4
ahf241658cream;129;;57133;4
lf33821velvetpink;159;;8946;4
lsr151180puttyvelvet16;105;;8186;4
lf258180vtaupe;105;;4722;4
lf258180vargent;105;;4723;4
qh8861beige;105;;3846;4
qh8901beige;105;;4428;4
vk20074white;105;;14758;4
lsr43180bluevelvet78;105;;8207;4
lsr43180puttyvelvet16;105;;8208;4
lsr43180pinkvelvet35;105;;8210;4
qh8805v1bleu;105;;4178;4
gbc017blackvelvet;105;;51906;4
jh669fabricbeige;199;;5403;4
vo4-ob;105;;58714;4
vo4-ba;105;;58715;4
8861v1hlr56green;105;;4423;4
8861v1bleu;105;;4180;4
vo3-w;105;;58716;4
vr1sw;105;;58732;4
vo3-ob;105;;58717;4
vr1sa;105;;58733;4
vo3-ba;105;;58718;4
qh8861creamteddy;105;;50010;4
lsr19127pinkvelvet;105;;5865;4
ahf241664black;105;;57129;4
lsr22175gristeddyfabric;199;;51246;4
me206beigewood;105;;29317;4
msl013;105;;5757;4
lf3674lightgreyfabric;379;;53499;4
lf3674beigeteddyfabric;379;;53500;4
8861v1rose;109;;4179;4
lf3488blackvelvet;375;;25952;4
lf159hvb121180gris;109;;2474;4
lf159hvb121180beige;109;;2472;4
tb50831marble;115;;57228;4
on18-w;115;;58694;4
vk7021black;115;;11604;4
qh6669whiteteddyfabric;115;;47206;4
vk7021putty;115;;11603;4
lsr19127whitevelvet;115;;8941;4
dc7010silvervelvet;115;;8095;4
matress90;115;;57235;4
dt1523golden;115;;6709;4
me505;115;;34337;4
msl014;115;;5742;4
msl011;115;;5739;4
ct50701walnut;115;;57125;4
dt2410black;215;;57135;4
dc7010pinkvelvet;115;;8093;4
lsr19127teddy;115;;48192;4
1311gris;115;;50943;4
ecst02tgsksmoke;115;;4408;4
qh8901teddyfabric;115;;38514;4
c50807marble;119;;57227;4
dc7010greenvelvet;119;;8094;4
lsr20071lot2beigepu47;119;;56776;4
qh8901patchwork;119;;5778;4
ct50701sonoma;119;;57126;4
1311khaki;119;;57046;4
t30253walnut;119;;57210;4
AHF241776;119;;57187;4
me006putty;119;;28861;4
t30227travertin;119;;57253;4
t30227walnut;119;;57251;4
lsr19127puttyvelvet;119;;5866;4
qh83641whitepu;119;;46542;4
c20589rattanblackteddy;119;;57214;4
st1-aw;119;;58704;4
AHF241796black;119;;57184;4
ckcy20537gbeigefabric;119;;57058;4
dc7010puttyvelvet;119;;8339;4
AHF241796white;119;;57183;4
jh939velvetputty;119;;8328;4
jh939velvetblue;119;;5536;4
jh939velvetblack;119;;5539;4
qh83641blackpu;119;;46539;4
ct2002golden;119;;8344;4
12181k1128noir;119;;4055;4
msl010;119;;5740;4
m804whitemarbleblackvelvet;185;;57295;4
m804blackmarbleblackvelvet;185;;57294;4
160vb02beige;239;;23329;4
sc2204lot2goldgreen;119;;8230;4
qh83132darkgreyvelvet;125;;57035;4
qh83132beigevelvet;125;;57036;4
ahf241658black;125;;57132;4
AHF241810;125;;57193;4
ahf241664cream;125;;57128;4
B2219S-Bois wenge;125;;1052;4
a6051vintage;179;;2083;4
A6051-Noir;179;;796;4
msl012;129;;5738;4
2PAPC5BIS;129;;43047;4
sc2204lot2punoir;129;;5299;4
sc2204lot2pugris;129;;5301;4
sc2204lot2argent;129;;1693;4
1115silverpuwhite;129;;8019;4
2057beigefabric;499;;57164;4
ct2-aw;129;;58725;4
b2219svintage;129;;1740;4
ahf241656cream;129;;57114;4
lsr210471beigefur;129;;46765;4
dt2296white;130;;57169;4
39359silver;130;;23901;4
sc2204lot2goldputtyvrai;135;;9004;4
ct2-ab;135;;58726;4
24501ksf25013;135;;3324;4
24501ksf25008;135;;3323;4
2450132beige;135;;2586;4
24501ksf25002;135;;3322;4
24501blackvnoir;135;;2592;4
gdt422white;135;;51940;4
24501punoir;135;;2594;4
taco2415beige;145;;57151;4
39354gold;135;145;23783;4
me005putty;135;145;28803;4
13552greyvelet;225;235;56771;4
B2219S-Chêne Clair;135;146;1316;4
b2219snoircarbone;135;146;1655;4
2601ksp25002;135;146;3887;4
2601ksf25002wb;135;146;3886;4
qh8203beigeteddy;135;147;57054;4
a6052vintage;255;265;2084;4
A6052-Marron;255;265;803;4
a605v2greenvelvet;265;275;5651;4
a605v2bleuvelvet;265;275;5650;4
ml23-a;139;149;58710;4
ct5-aw;139;149;58723;4
vs3-cga;139;149;58700;4
28AF003white;139;149;51017;4
24501ksf25041teddy;139;149;36260;4
24501publanc;139;149;2595;4
A605V2-Argent;259;268;819;4
2601pinkvelevert;139;152;3876;4
24501rattan002;139;152;34185;4
A605V2-Taupe;255;269;1421;4
A605V2-Rouge;255;269;822;4
A6052-Noir;255;269;804;4
A6052-Blanc;255;269;801;4
ct5-aa;145;155;58724;4
qh89042p488patchwork;145;155;47100;4
24501f011;145;155;3520;4
dt1523marble;145;155;8345;4
AHF241814sblack;145;155;57208;4
AHF241814swhite;145;155;57207;4
g38042;145;155;5900;4
25AF002white;145;156;51016;4
24501ksp25030;145;156;3327;4
vkby20580lightoakbeige;145;156;57144;4
vkby20580walnutdarkgrey;145;156;57145;4
1535greyfabric;329;339;56779;4
qh89042beige;149;159;4919;4
on28w;149;159;58730;4
on28sa;149;159;58731;4
taco2415black;149;159;57150;4
rl4-aa;149;159;58706;4
hm16521beige1;149;159;4355;4
vkdt30245beige;239;249;57068;4
13541vintgrey;149;159;48165;4
dt2060silver;150;160;29337;4
39359gold;150;162;23885;4
lf33823velvetsilver;285;299;6434;4
lf33823velvetputty;285;299;8109;4
lf33823velvetpink;285;299;8944;4
lf33823velvetblue;285;299;6433;4
p803rougenoir;155;165;1700;4
p803gris;155;165;2630;4
p803blanc;155;165;1705;4
matress140;155;165;57232;4
AHF241849DTterrazzo;155;165;57197;4
vkcy20578walnutdarkgrey;155;167;57142;4
hm1814teddyfabric;299;312;50034;4
qh89042lightgrey;155;169;4920;4
qh8805v2vert;155;169;4169;4
qh8805v2rouge;155;169;4168;4
AHF241857white;155;169;57185;4
vkct50846beige;155;169;57070;4
29809walnutteddybeige;155;169;57311;4
29809ltbrownteddywhite;155;169;57310;4
AHF241857black;155;169;57186;4
13112skhakifabric;155;169;57047;4
13112sgreyfabric;155;169;57048;4
dt2060golden;159;170;29338;4
dt2060black;159;170;29339;4
lf3045sgputtyvelvet;469;479;5280;4
lf3045sdputtyvelvet;469;479;5288;4
12151sgreen;159;174;43403;4
8382creamteddy;159;175;47119;4
AHF241768;159;175;57188;4
p804greyash;165;175;6420;4
p804blanc;165;175;2643;4
p804beige;165;175;2645;4
p804ashwood;165;175;2849;4
vk20072Bblackvelvet;165;175;51415;4
qh8927yellow6;165;175;4368;4
90EF245beige;165;175;54181;4
90EF245blue;165;175;54180;4
p804taupe;165;176;2644;4
p804noir;165;176;2641;4
f804blackgrey;165;179;5439;4
f808darkoakgrey;165;179;5503;4
vk20072Bputtyvelvet;165;179;51414;4
vk20072Bcreamteddy;165;179;51412;4
vk20072beige;165;179;12160;4
B2219S-Blanc laqué;165;179;1004;4
AHF241813black;165;179;57209;4
AHF241813white;165;179;57206;4
160vb16grey;259;269;23627;4
at8534lblacksonoma;325;335;48199;4
at8523lsonomablack;319;326;24787;4
at8523lsonoma;319;326;24790;4
vk20072putty;169;185;12159;4
matress160;169;185;57234;4
1535khakicordu;335;339;56778;4
A605V1-Rouge;179;187;818;4
buromarocboisor;179;188;25089;4
jyb308140teddy;269;279;48904;4
qh88052creamteddy;175;189;50008;4
A6051-Blanc;179;189;793;4
p808whitegold;179;189;8973;4
re2-w;179;189;58729;4
re2-sa;179;189;58728;4
qh89043lightgrey;179;189;4922;4
vk20072creamteddy;179;189;51411;4
at8428vintage;179;189;3510;4
29808walnutbeigeteddy;179;190;57309;4
vg4-ge;179;190;58699;4
A605V3-Rouge;335;345;826;4
a605v3greenvelvet;335;345;5653;4
A605V3-Argent;335;345;823;4
qh83133darkgreyvelvet;179;194;57031;4
qh83133beigevelvet;179;194;57032;4
29807blackwoodgreyvelvet;179;195;57315;4
15041sblackcordu;179;195;58298;4
15041sbleucordu;179;195;58295;4
15041staupecordu;179;195;58292;4
df1501sbeige;179;195;52015;4
at8270lblack;349;359;8472;4
lf3488lightgreyfabric;369;379;25951;4
29807walnutbrownvelvet;185;199;57316;4
29807walnutteddybeige;185;199;57314;4
29807ltoakteddybeige;185;199;57313;4
be1sw;185;199;58591;4
qh83642puttyvelvet;185;199;46541;4
lsr191402whitevelvet;185;199;9224;4
or2-w;185;199;58693;4
or2-s;185;199;58692;4
dr2425noir;185;199;57155;4
adt11whitesonoma;185;199;51953;4
qh83642blackpu;185;199;46545;4
vkcy20548creamteddy;185;199;57067;4
b2219xlblanc;185;199;1619;4
dt2002golden;185;199;6710;4
lsr191403silvervelvet;185;199;8365;4
lf33481vintage;185;199;4496;4
ov2002golden;185;199;9965;4
g3569180white;185;199;5210;4
qh8399xldarkgreyteddy;355;366;57020;4
lsr191402pinkvelvet;189;204;8026;4
lsr191402greenvelvet;189;204;8028;4
jh669fabricdarkgrey;189;204;5404;4
jh669velvetblack;189;204;5402;4
be1sa;189;205;58592;4
jh930velvetred;189;205;5398;4
jh930velvetputty;189;205;8327;4
jh930velvetpink;189;205;5399;4
jh930velvetgrey;189;205;5395;4
jh930velvetgreen;189;205;5397;4
jh930velvetblue;189;205;5396;4
matress180;195;205;57233;4
jh846darkgrey16;195;208;3991;4
jh846velvetputty;195;208;8325;4
jh846velvetpink;195;208;5507;4
jh846velvetgreen;195;208;5506;4
jh846velvetblue;195;208;5505;4
jh846beige05;195;208;3989;4
dtset1015white;325;335;57152;4
t30228marble;195;209;57229;4
b804blacklightgrey;195;209;57292;4
b804whiteputty;195;209;57293;4
lsr191402teddy;195;209;48193;4
qh8927grey18;195;209;4366;4
qh8927beige3;195;209;4367;4
1338puttyvelvet;195;209;48183;4
lf233whitepu;195;209;5144;4
lf233puttyvelvet;195;209;8340;4
t502058whitemarble;195;209;52274;4
dt1290whitemarble;195;209;47588;4
13971sbluevelvet;199;215;58310;4
13971ssilvervelvet;199;215;58307;4
13971swhiteteddy;199;215;58304;4
qh8805v3vert;199;215;4172;4
qh8805v3bleu;199;215;4171;4
dt1290blackmarble;199;215;47589;4
adt11sonoma;205;219;51954;4
at8244bwhite;319;335;27815;4
180vb16putty;279;292;23651;4
lf33483vintage;395;409;4502;4
1556greyfabric;485;499;57062;4
hm7-cg;209;229;58702;4
vs1-cga;209;229;58701;4
fr15-aw;209;229;58695;4
dt2410cream;209;229;57137;4
lf33822velvetblue;209;229;6430;4
lf33822velvetblack;209;229;8108;4
140vb16whiteteddy;249;265;52475;4
vkdt30219goldmarble;215;233;57124;4
3lundrawhite;215;235;43656;4
adt11walnut;225;239;53842;4
qh83643greenvelvet;219;239;46549;4
lsr191403greenvelvet;219;239;8366;4
13113sbeigefabric;219;239;57045;4
160vb16whiteteddyfabric;259;275;52476;4
qh81032blackvelvet;225;245;57025;4
3lundradark;219;245;43645;4
at8244bnoyer;325;335;36264;4
at8244lsonoma;325;335;5441;4
140vb02beige;229;246;23326;4
m804xlblackmarblelightgreyfabric;269;285;57302;4
m804xlwhitemarbleblackvelvet;269;285;57301;4
180vb16grey;269;285;23653;4
LT422140beigevelvet;229;249;57287;4
LT422140kakivelvet;229;249;57284;4
LT422140taupevelvet;229;249;57281;4
LT422140silvervelvet;229;249;57280;4
tvset2431beige;229;249;57154;4
160vb02silver;229;249;23328;4
gdt419white;229;249;51896;4
gdt419black;229;249;51895;4
AHF241815DTblack;229;251;57190;4
AHF241815DTwhite;229;251;57189;4
qh83643puttyvelvet;235;254;46547;4
f804cblackgrey;235;254;5437;4
3LUNDRA;225;255;41127;4
jyb308140hcj11putty;235;255;8220;4
lf3332bluevelvet47;235;255;5694;4
qh81032puttyvelvet;239;257;57026;4
180vb16whiteteddyfabric;279;295;52477;4
1565beigecordu;419;439;57231;4
1565greyvelvet;419;439;57237;4
1565beigevelvet;419;439;57230;4
15101sgreycordu;239;259;58286;4
15101sbeigecordu;239;259;58283;4
jyb308140hjc41silver;239;259;6743;4
13552brownvelvet;239;259;56769;4
13552beigevelvet;239;259;56773;4
re4-w;239;259;58727;4
re4-sa;239;259;58737;4
12152sgreen;239;259;43405;4
140n222creamteddy;239;259;56758;4
at8514sonoma;239;259;8894;4
LT422160beigevelvet;239;262;57291;4
LT422160kakivelvet;239;262;57288;4
LT422160taupevelvet;239;262;57285;4
LT422160silvervelvet;239;262;57283;4
b2219staupelaque;239;263;1615;4
160n241creamteddy;459;479;53848;4
83822pcreamteddy;245;264;48176;4
AHF241795white;245;265;57182;4
p804coak;249;265;5438;4
p804cblack;249;265;6261;4
p804cwhite;249;265;5444;4
dt2410purewhite;255;269;58318;4
jyb308140kr2lightbeige;249;269;6741;4
ad23dt02sonoma;249;269;51994;4
jyb308160kr3lightgrey;249;269;6736;4
ad23dt02allblack;249;269;51992;4
140vb16putty;249;272;23519;4
XPB7016A2creamteddyfabric;255;275;51490;4
XPB7016A2greyvelvet;255;275;51491;4
XPB7016A2beigevelvet;255;275;51492;4
A605V2-Noir;255;275;821;4
15042sblackcordu;255;275;58300;4
15042sbleucordu;255;275;58296;4
15042staupecordu;255;275;58293;4
tvset2431black;255;275;57153;4
jyb308160hcj41silver;255;276;6739;4
jyb308160hcj11putty;255;276;8221;4
at8267gxmarble;349;369;8053;4
ad23dt02walnut;255;279;57118;4
dt1016black;259;279;58316;4
dt1016white;259;279;57056;4
160n222creamteddy;259;279;56757;4
180vb02silver;259;279;23331;4
AT10016-Blanc;255;280;925;4
160vb16putty;265;285;23625;4
p806cgoldblackmarble;265;285;9079;4
LT422180beigevelvet;265;285;57290;4
LT422180kakivelvet;265;285;57289;4
LT422180taupevelvet;265;285;57286;4
LT422180silvervelvet;265;285;57282;4
180vb02beige;265;285;23332;4
p806cgoldwhitemarble;265;286;9078;4
140fbd12beige;269;289;23317;4
jyb308180hcj41silver;269;289;6735;4
jyb308180hcj11putty;269;289;8222;4
180n222creamteddy;269;289;56759;4
202024marble;269;289;56765;4
t30248travertin;269;293;57224;4
XPB7016A2taupecordu;275;295;57308;4
XPB7016A2blackcordu;275;295;57307;4
XPB7016A2bleucordu;275;295;57306;4
b804xlwhiteputty;275;295;57303;4
b804xlblacklightgrey;275;295;57300;4
at8244bblack;325;349;5850;4
15102sgreycordu;275;299;58288;4
15102sbeigecordu;275;299;58284;4
qh8399darkgreyteddy;279;299;57021;4
jyb308160teddy;279;299;48919;4
jyb308180kr2lightbeige;279;299;6733;4
vg6-ge;279;299;58698;4
ks3161vintage;279;299;5483;4
hm1653multicolor;279;299;3653;4
ks3161black;279;299;5481;4
ks3161lightoak;279;299;5482;4
ks3161concrete;279;299;5910;4
at8422walnut;369;389;57160;4
at8422cheneclair;369;389;3421;4
lf3045sdnoir;459;479;3076;4
lf3045sdgreyfabric;459;479;5286;4
lf3045sgpinkvelvet;459;479;5282;4
lf3045sgvcreamteddyfabric;459;479;51054;4
at8251lwhite;399;419;8226;4
140vb16matress140grey;385;405;58576;4
lf3677darkgreyfabric;525;549;53506;4
lf3677beigeteddyfabric;525;549;53507;4
at8027moroccogris;279;309;2999;4
jyb308180teddy;295;319;48920;4
202024oak;295;319;56767;4
qh8399beigeteddy;299;325;57018;4
15043sblackcordu;299;325;58299;4
15043sbleucordu;299;325;58297;4
15043staupecordu;299;325;58294;4
ks3161white;299;325;5479;4
at8244bmarble;309;335;9223;4
140bregodarkgreenfabric;310;335;57241;4
140bregogreyfabric;310;335;57264;4
140bregobeigefabric;310;335;57243;4
at8534lwalnut;310;335;48200;4
at8244lwhite;310;335;5440;4
13972ssilvervelvet;310;339;58309;4
13972swhiteteddy;310;339;58306;4
lf6598puttyfabric;310;339;57180;4
lf6598lightgreyfabric;310;339;57178;4
1279brownteddy;310;339;47604;4
hm1814lf3456lightgreyfabric;310;339;5713;4
hm1814lf3456beigefabric;310;339;5714;4
at8244bsonoma;315;339;5848;4
at8251lsonoma;399;432;8227;4
A605V3-Taupe;319;345;1422;4
a605v3bleuvelvet;319;345;5652;4
a6053vintage;319;345;2085;4
at8244btravertin;319;346;57173;4
13972sbluevelvet;319;349;58312;4
A605V3-Noir;319;349;825;4
A6053-Noir;319;349;812;4
A6053-Blanc;319;349;809;4
lf6598beigefabric;319;349;57179;4
13553greyvelet;319;349;56772;4
1279creamteddy;319;349;47584;4
12153sgreen;319;349;43407;4
12183yk81618bluestripvelvet;319;351;6493;4
1350teddygris;325;355;57157;4
1350greenvelvet;365;395;47595;4
1350puttyvelvet;329;359;47594;4
1535blackcordu;329;359;56777;4
1535beigefabric;329;359;56780;4
13553brownvelvet;329;359;56770;4
13553beigevelvet;329;359;56768;4
at8270lwalnut;329;359;8473;4
at8278ltravertin;329;359;57171;4
at8278lwalnut;329;359;57172;4
at8525gmarble;329;359;27810;4
1566greyteddy;599;629;57305;4
1566beigeteddy;599;629;57304;4
160bregodarkgreenfabric;339;366;57240;4
160bregobeigefabric;339;366;57244;4
160bregogreyfabric;339;366;57239;4
15103sgreycordu;339;369;58287;4
15103sbeigecordu;339;369;58285;4
1350teddybeige;339;369;57159;4
at8275ltravertin;339;369;57202;4
at8275lwalnut;339;369;57201;4
180bregodarkgreenfabric;349;377;57242;4
180bregobeigefabric;349;377;57238;4
180bregogreyfabric;349;377;57265;4
1350bluevelvet;349;379;47586;4
at8270lsonoma;355;385;8474;4
1350blackvelvet;359;389;47596;4
at8267gxboissonoma;359;389;8052;4
lf3045sggreyfabric;449;479;5279;4
lf3045sgblanc;449;479;3073;4
at8267gxwhite;359;392;8050;4
at8267gxwalnut;359;392;25807;4
at8267gxblack;359;394;8051;4
dtset1015black;369;399;58317;4
1213brownvelvet;369;399;47605;4
df1503staupe;369;399;52017;4
qh8399xlbeigeteddy;369;409;57017;4
13973sbluevelvet;379;415;58311;4
13973ssilvervelvet;379;415;58308;4
XC8242creamteddyfabric;395;415;50995;4
XC8242-Gris;395;419;1248;4
xc8242greyfabric;389;419;5620;4
at8273ltravertin;389;419;57212;4
at8273lwalnut;389;419;57211;4
angsoftbeigecordu;665;692;57296;4
angsoftgreycordu;665;692;57297;4
at8251ltravertin;389;424;57174;4
at8251lblack;389;429;8225;4
xc8242beigefabric;399;429;5621;4
1556blackfabric;485;519;57059;4
1556beigefabric;485;519;57061;4
XC8242-Blanc;399;430;1247;4
andsoftgreycordu;665;692;57299;4
andsoftbeigecordu;665;692;57298;4
13973swhiteteddy;399;435;58305;4
1359beigefabric;529;565;57119;4
1359silvervelvet;529;565;57120;4
1359puttyvelvet;529;565;57121;4
XC8242-Noir;399;440;1250;4
XC8242-Marron;399;440;1249;4
at8251lwalnut;399;442;9809;4
140n241darkgrey;405;449;53844;4
140n241beigefabric;405;449;53843;4
180L244bedreamputtyvelvet;639;669;58589;4
LT419140darkgreyfabric;419;455;58320;4
LT419140beigefabric;419;455;58319;4
lf3821gbeigefabric;515;549;57176;4
lf3821gputtyfabric;515;549;57177;4
lf3821glightgreyfabric;515;549;57175;4
140n241creamteddy;415;459;53845;4
XC8242noircordu;429;465;57261;4
XC8242beigecordu;429;465;57263;4
XC8242argentcordu;429;465;57262;4
XC8242vertcordu;429;465;57260;4
XC8242taupecordu;429;465;57259;4
140L244greyvelvet;429;465;57247;4
140L244puttyvelvet;429;465;54182;4
lf3804beigecordu;429;469;58574;4
LT419160darkgreyfabric;429;469;58322;4
LT419160beigefabric;429;469;58321;4
lf3045sggreenvelvet;449;489;5284;4
1210rightdarkgrey;449;489;6660;4
160L244greyvelvet;449;489;57246;4
LT419180darkgreyfabric;449;490;58324;4
LT419180beigefabric;449;490;58323;4
160L244puttyvelvet;459;499;54183;4
180L244greyvelvet;459;499;57245;4
180n241darkgrey;459;499;53850;4
180n241beigefabric;459;499;53849;4
180n241creamteddy;459;499;53851;4
1561bleuvelet;469;509;58303;4
1561taupe;469;509;58302;4
1561beige;469;509;58301;4
1210rightgreyvelvet;469;509;57166;4
1210rightbeigevelvet;469;509;57165;4
1210leftbeigevelvet;469;509;57168;4
andsoft66sawana25;629;662;3942;4
andsoft17sawana21;629;662;3943;4
andsoft11sawana05;629;662;5266;4
andsoft11;629;662;5264;4
1210leftgreyvelvet;469;513;57167;4
1352kakicordu;469;519;57024;4
3058beigecordu;475;520;57275;4
3058blackcordu;475;520;57278;4
3058puttyvelvet;475;520;57279;4
3058khakicordu;475;520;57277;4
3058lightgreycordu;475;520;57276;4
180L244puttyvelvet;479;524;54184;4
1352puttyvelvet;485;529;57023;4
1352lightgreycordu;485;529;57019;4
1352beigecordu;485;529;57022;4
angsoft17sawana21;625;665;3939;4
angsoft11sawana05;625;665;5265;4
angsoft11;625;665;5263;4
vo16-ob;499;549;58711;4
vo16-ba;499;549;58712;4
lf3347dputtyvelvet;539;590;50547;4
lf3347gputtyvelvet;539;590;50546;4
140L244bedreamputtyvelvet;559;599;58586;4
140L244bedreamgreyvelvet;559;599;58585;4
1349taupecordu;569;619;58291;4
1349blackcordu;569;619;58290;4
1349beigecordu;569;619;58289;4
160L244bedreamgreyvelvet;585;641;58584;4
160L244bedreamputtyvelvet;599;650;58587;4
180L244bedreamgreyvelvet;629;669;58588;4
1335beigefabric;739;798;41484;4
vetsawana05soft11;799;831;5302;4
ventoBeigecordu;899;959;57312;4
